Air temperature [K],Process temperature [K],Rotational speed [rpm],Torque [Nm],Tool wear [min],target
0.4877585717129917,1.3325761938519847,-0.6928163967157915,-1.8401068474206745,0.42632313005306793,0
-0.16102190351702678,0.8564047482572156,-0.15295893366285007,-0.8198425431239392,-1.0259564117648639,0
0.6420145667955586,-0.011240087491063429,-0.8120901780240918,-0.3846474502709558,-1.615495631710757,0
1.5363824823355225,-0.719964929972814,-0.3192347279091555,1.856976336385993,-0.033805041612019374,0
-0.25899524150791525,0.6293029733487884,-1.932371799437773,0.5603563124977836,1.116515387550699,0
-0.25897846687366877,0.3236344450543131,0.21105536313586576,-1.2826204935237644,0.383186113959466,0
1.593786645680331,0.8268743809157556,-0.004708968570896024,0.4916678830570594,-0.7527553098387183,0
0.7643635854530219,0.5660589164857711,-0.8371864678628912,-1.4889506459629542,-0.5370702293707086,0
-0.49943123816239654,0.9817052548867716,0.6647369556461667,1.0728522005642618,-0.93968237957766,0
0.5346009779056738,-0.6079222527310284,0.9478855892312771,-0.440675176117506,0.0524689905751845,0
-0.49324289552425027,1.2503645315740042,-1.6413588435274986,-0.07297447573622327,-1.1985044761392716,0
-0.49560521170571786,0.12715047384462755,-0.7818803332749925,1.3096543966487444,1.3465794733832426,0
0.22746935147075323,2.0105456908759587,-0.7884091394825332,-1.2355553130789778,-1.2847785083264756,0
-1.9746199551846142,-0.7623449953940029,-0.9621296662715002,-1.3426589558712179,0.9295883178117572,0
-1.7821632592734133,1.67021248558101,0.8379166908387574,-0.5502335352309232,-1.5004635887944853,0
-0.5942617868606244,0.12746260288382455,-0.20312104210550558,1.029688952879751,0.8864513017181552,0
-1.0545984852417163,-0.7244598405231633,-0.27503498338216065,-1.4617176431920644,1.4040954948413784,0
0.30132561531354973,-0.5564160659419233,-2.04453040690802,-2.740487799510697,-0.93968237957766,0
-0.9475133331495509,-0.3923781307374812,0.6404963158490723,-0.4212270685906215,-0.37890117036083487,0
-1.462754083649885,0.3544086974675488,-1.2666736491475699,0.5556687649106389,1.1740314090088348,0
1.477754147840918,0.45337955336847724,0.055036097012389394,1.1873744480958153,-1.0690934278584658,0
-0.2504360814787795,-0.6465045078086822,0.27624934061283846,-0.43291836366265446,-1.1553674600456696,0
0.04924375017662693,-0.09548152058440836,1.378307388562249,-0.3825250205624314,-1.3710525405136793,0
-1.4754690643867363,2.077759808543616,-1.337441363227058,1.1422155107219794,-0.6952392883805824,0
-0.5759677996616983,1.6617661378243807,-3.0777843334224273,-1.8030279851954023,-0.17759509525735914,0
0.09358136439237134,0.3666035476525838,0.18110084840406523,-0.36021310571373405,0.8289352802600194,0
-1.1957640696454168,-0.03293302283597041,1.8257838859487665,0.20372031123378667,0.6851452266146796,0
0.36411200568909374,0.049345320047779875,1.2544855220649458,0.455804944417075,-1.2991575136910094,0
-0.6334465561804505,0.5443389616812243,0.20735807829179134,-0.47835424474129545,1.6054015699448543,0
-0.3177863258933584,-1.0969684952840484,-0.5060929945186788,0.0517818570068146,-1.3854315458782134,0
-0.6345376910679639,-0.3292150616001908,0.815177016777746,-2.405574553804942,-1.3998105512427472,0
1.872787419175553,-1.7447321038846877,-0.9963558966295283,-0.6229470718955644,-0.6808602830160484,0
-0.0335428644909756,0.32938970397808076,0.47867908271603155,0.45998370204462,-1.4285685619718154,0
-1.1004538105270008,0.5781197734806085,0.5082960740609915,-0.9385906313410742,1.4903695270285824,0
0.8206716545678188,-0.5557145584652212,1.0726510594146297,0.07568869482182897,-0.93968237957766,0
-1.267132417601948,1.5077408047832714,2.8015575545878093,0.45351955824244106,0.8289352802600194,0
0.19365123533236875,-1.3005614266176337,0.39328232742522307,-0.31543351181791246,1.5766435592157861,0
-2.022018174272643,-1.539899301932521,-0.5237207690190563,0.18427773105573206,0.0524689905751845,0
-1.3768080327819108,0.1540846882466399,-0.03195292694664053,-0.9195363646699346,-0.5083122186416407,0
0.181387990473286,0.9792433469631907,-1.8056744220598848,-0.18302027616064817,1.4184745002059125,0
0.7347657787036084,1.618017467461232,-0.7126898481308536,0.6126279477434218,-1.3135365190555435,0
0.15534091573744335,-0.5313381456625846,-0.4223118194458689,0.17113671939248928,-0.8390293420259222,0
-0.1379142983421103,1.0109223236254816,-0.5391076970954384,-0.5530894571468374,1.102136382186165,0
-0.3274008081883412,-0.10967862053582121,0.14906028232775156,0.23663663163888105,1.5766435592157861,0
-1.53041170690341,-0.24420701928307686,-0.8426101759783248,0.7143147841076418,-1.2847785083264756,0
-0.7552431500923055,0.8153058783612976,1.1345260181205095,-1.978555233956723,1.3034424572896406,0
-0.4904035704600009,0.5832623686923248,-0.00572468434249926,1.147254703989597,-1.7305276746270288,0
1.0603477889748216,-1.6522586539119861,-0.015396860772930452,-0.309302256488896,-1.5004635887944853,0
0.3313349853914149,1.4099968121058206,-0.33951341430233006,0.432691411589837,0.7570402534373495,0
-1.8211142166994527,1.3132532833010246,0.1519452469366862,1.1844377923445268,0.5557341783338737,0
0.3113760632546137,-0.6985255822248706,0.8334642548898037,-1.3178742089707625,1.5335065431221844,0
-0.41320476864457817,0.32595967216509697,-0.8880954172450343,-0.6728123077183085,1.4903695270285824,0
-0.7113879761437665,0.4244862867964888,-0.6754588809434766,-0.26283316652283945,-0.5514492347352425,0
0.6052195479488697,0.19041724907298238,-0.3149258136221623,-0.74519800382432,-1.2560204975974076,1
1.0336572768416215,-0.6230382151811658,-1.3751340798424923,1.7081858827792529,0.8145562748954853,0
0.9317703521936338,-0.7447269074192818,-0.8393932954943104,-0.8163233041964871,-0.12007907379922324,0
-0.877211187611885,-0.09668466224922978,-0.49041049068971304,-0.5229083527777761,0.34004909786586407,0
-0.3356857403764364,1.1052577111547504,0.88360952442624,0.21732335577192907,-0.17759509525735914,0
0.3187115795123103,0.4742076304813411,0.26117693449689583,-1.1527455691266772,-0.4939332132771067,0
0.9769975134321631,-0.44279865865113716,0.19101004361537638,-0.36718739486471824,-0.7239972991096504,0
-0.5093419280300625,0.7030027474816687,0.8597111354292002,0.32745598364160994,0.038089985210650525,0
-0.2094467593321566,-2.9282939748154644,-0.14568817529919348,-0.3059959326645072,-1.3279155244200775,0
-1.1501347577267182,1.0812212137591266,0.39129739169583216,-0.07273161068079725,0.7139032373437475,0
-1.2419598762974509,-1.8160790226747785,-0.11094622139434052,-0.4973733964198987,-0.9971984010357959,0
0.8104347878836574,-0.4346003082978627,0.26402650464266775,-1.456968298888028,0.22501705494959223,0
1.3659672768194904,-1.194141665972018,-0.5987948812935138,0.3314885904526286,-0.5083122186416407,0
-0.09332760958027,-1.3696876925041597,-2.487024219658563,1.7276638966361548,0.8289352802600194,0
1.0055936320893786,1.0933191325733453,-0.14254194496967199,0.03615835542811817,0.7857982641664174,0
0.34974435803980064,-0.5401820090238335,1.4414731193217956,0.2376571788229084,0.23939606031412622,0
-0.6788944703511575,0.2765094705704768,0.9363340435900259,0.6929952496661156,1.030241355363495,0
0.34949871269250415,-0.1181164185770239,0.9761952642380848,-1.2181846283574422,0.9152093124472233,0
1.5517153813006845,0.4074450461106652,1.2516210879375433,1.676604621324497,1.3753374841123105,0
-0.05635702252136417,0.006003932632111946,0.08425894398001475,0.21531653968933395,0.5988711944274757,0
1.578900807763589,-1.3579627446647236,0.19480041842591936,1.607778921925187,0.5557341783338737,0
-2.696440678732983,0.9282566360464822,-0.6342929193908575,-0.6957925925042396,0.7570402534373495,0
0.820015283334582,-0.5663169580645456,-0.3274866469372497,1.7891559022587142,-1.5723586156171552,0
0.06918687972171121,-1.632387899578544,0.6205088984065428,0.7732906197213011,-1.1841254707747377,0
-0.32525889648021966,-0.5004750819427407,1.2188158823452615,0.5569343621338394,-0.4795542079125727,0
0.07400304614289782,1.4342902136607727,-0.14779861941816178,0.24619037229598498,-0.7815133205677862,0
-2.0505233787928354,0.781765570368825,-0.4639276792687256,-0.22385075493648296,-1.1553674600456696,0
-0.24419898207273308,-0.4207693934321509,-0.005398228388241522,1.187637358464267,0.35442810323039803,0
0.34512258179627614,-0.42137681261505044,0.6056920545647289,0.15495438314135324,1.2603054411960386,0
1.4902655894708705,-0.3936698062339136,-1.4748163154736256,-1.8978324062519476,1.5335065431221844,0
-0.5492877066542402,2.012037343109008,-2.3419157184122925,-1.0699854815196053,-0.4076591810899028,0
-0.8458194458906078,0.3120492410034278,-0.5660145764671543,-0.16279317055726947,-1.4860845834299512,0
-0.532415598235787,0.36030234130625705,-1.2478062251697828,0.32019498485452863,0.9152093124472233,0
0.9155472233058791,0.9623771496718513,-0.5228830685798085,-0.03688737239188407,-1.4285685619718154,0
0.3161446494311723,0.16846581167970634,-0.15627711551720738,1.2055983881747188,-0.982819395671262,0
-0.5610274408132382,-0.33088575638556533,-0.46703984721657643,-1.8822785910765543,1.2315474304669707,0
0.5046716572839086,-0.2680020116797106,1.4717076404331793,0.1580987504182163,-0.8246503366613882,0
0.07943538541249973,-0.1428724682790034,0.3264728538304288,-1.7526076414810858,0.2537750656786602,0
0.9699473940679738,-0.10838845968288853,0.29974710708381597,0.7582478423159307,-1.4141895566072813,0
-0.7370653242851132,0.6587990032892485,0.6270564469897789,-0.07377567446570517,-1.2703995029619415,0
-0.3545365390988239,-0.018948038265097025,-1.164507712883064,0.42696390977495763,-0.9971984010357959,1
-0.420383357161191,0.6638248378941751,1.0511872481702582,-0.8232497958506663,0.1962590442205243,0
-1.5150784685406085,-0.1520156250831402,-0.08301283805028932,1.2645239991747883,-1.5004635887944853,0
0.2828045464107159,0.00782276929012555,0.6761666384650128,1.0329480135354019,-0.93968237957766,0
0.2469773614358927,-2.075355288461653,-1.0963709432258133,0.5866476464092396,-0.1488370845282912,0
-0.014527657548459074,0.8480733753929719,-1.5866252172383293,-0.10792518679931666,-1.6873906585334268,0
-0.25943842842615195,0.27649401769188037,0.8261307023393735,0.5830562280498225,0.4550811407821359,0
-1.4658877901868421,0.9300052500701669,0.3769984486349786,-0.6703299507188543,0.5125971622402719,0
-0.44954081652754807,-2.976152436254383,-0.9236220432344029,0.8516061177235081,0.8576932909890873,0
-0.3699160904073085,2.023699569682718,-0.8906721846615663,1.624945950921264,-1.5723586156171552,0
-0.8394679927238619,-0.21106845798578538,1.1390064712401269,1.0610849374414262,-0.5658282400997766,0
-0.18454371208065035,1.0405143992574553,-1.215963163766103,-0.6924510156561033,-1.3422945297846114,0
0.39308112723138844,-1.1141341175138593,1.6652098667571924,0.3702801114557147,-1.7161486692624948,0
1.9074321609155536,0.543592621800483,-0.922166423299639,-1.2413782874834423,-0.46517520254803874,1
0.1586202104129342,-1.1276850089080712,0.6435217574178088,0.575782862418829,-0.26386912744456303,0
0.2433962971613399,-0.6967263637359389,-0.34024971836977363,0.4571537328242969,0.009331974481582565,0
-0.0958163486848078,1.8488238139538755,0.6077070676423646,-1.803100689722643,0.9152093124472233,0
-1.9802302786824386,-0.26231725626399577,-0.5594804026523279,-1.113426514229164,-0.6664812776515144,0
-0.04684244777406582,0.14704430860866316,-0.17154991413274973,-0.25756363612842065,0.10998501203332041,0
0.04178712472905724,0.801672164065073,0.03569308422615761,-0.2748250089640514,1.1596524036443008,0
2.4970313835652913,0.4261430324064576,-1.0254935881370166,-1.1598829887058701,-0.20635310598642712,0
-0.2162944232286052,0.07982569520427336,0.7477296259838976,0.3971268935860134,0.4838391515112039,0
0.28834957547612017,0.2950229551414806,-0.5280443734928302,0.2631870940249272,-0.5802072454643106,0
-0.055218533129843414,2.3397025131083304,-0.2384975483397907,-0.17099814355576912,-0.6521022722869805,0
-1.2138329228724571,-0.128847306648727,-1.0175196504502635,-0.7179610000508968,1.5335065431221844,0
1.1479111827183646,0.13066060236467814,-2.6126816167548252,1.0397494301359969,1.3178214626541747,0
0.7485249409542747,0.9828102998565238,-0.20027416201683482,1.6307185108890607,1.1740314090088348,0
0.7884737172788095,1.0378494019610598,2.4484976548759545,-0.45278953799804017,-1.7305276746270288,0
-0.9489063471127364,1.1196026703210449,0.792268400914262,-0.5780604072442735,0.06684799593971848,0
1.4135334725509952,0.5696282034368566,-0.025529555860748135,0.49670517230175015,1.5335065431221844,0
-1.4520742444259134,-1.2175479438974282,-0.2733828224742984,-0.3305123107119795,0.1818800388559903,0
0.5798608778283149,1.5673671045557693,0.016919953125410017,-0.1175489668276921,-1.3854315458782134,0
2.218315554239387,-1.2208986252502687,0.5506669263910834,0.7387088048861229,1.3753374841123105,0
-1.0318190858271827,0.23250708994400696,-1.2072150394354393,-1.841615225782313,-0.4939332132771067,0
-0.5983591537545269,-0.8276317913225777,1.1277007596526045,1.3023543915589317,1.1740314090088348,0
0.08206514613541657,-0.1353867654249435,0.7218455950410064,0.08902987105000945,-1.5292215995235532,0
-0.5341715648360841,0.25871382073746574,0.7246986138119553,-0.3825898327830792,0.411944124688534,0
-1.6041212286549082,0.2512860121087592,0.44014044751185705,-0.0686865799895085,0.6563872158856116,0
0.050301012268814685,0.35215664899630267,0.014021332559361825,-0.01836263531185216,0.9439673231762912,0
-1.1051464250026597,1.5475866201288238,0.67858852016731,-1.668079753090661,-0.7096182937451163,0
0.46413427086868336,0.38386673683531475,0.5961366383129759,1.4744103653203506,-1.2991575136910094,0
-0.9591612880345174,-0.315954788902673,-0.36611259409229685,0.058487968719160954,-1.543600604888087,0
1.5638718336950415,0.8959787155752952,-0.5894792814026204,0.4497495413291294,1.5335065431221844,0
-0.820030506801062,1.1220503054485356,0.09768641982723399,0.9451112324567214,0.26815407104319416,0
-0.3488141722634946,-1.3024092042645978,1.5699337923007903,-0.9764512492673312,-1.6873906585334268,0
0.8114477320222983,0.5281718384027925,-1.2665197071505978,0.4794292702374878,1.1596524036443008,1
-1.277370895312714,0.6322614089283699,-1.498897042135357,-0.2424676673216024,-0.6952392883805824,0
0.21265178875801505,-0.36952474936160296,0.1616812826955609,0.8430490140143398,-1.01157740640033,0
1.315802814174326,1.3088553530778606,0.04583439395096264,-2.053837451135763,-0.6521022722869805,0
-1.6621760789749203,-0.22156637751362257,0.17041083619989938,-0.07829106582671863,0.6707662212501456,1
0.16889483637150238,0.054907380352993265,0.24224627091589163,-0.5689564817256417,0.8433142856245534,1
0.24577939828522288,-0.24465290110206298,-0.23300633063384382,0.4392888138498418,-0.17759509525735914,0
0.7790644716768758,-0.055425932517284046,1.5097517232517872,0.47609043447442495,0.8001772695309514,0
-1.2835895848665044,-1.1706754158360833,-1.6345875919691855,-0.6710442633855778,0.29691208177226214,0
-1.3689105883761399,-1.5155010243781697,-0.8487926018845324,-0.675474310076664,-0.23511111671549506,0
0.5135343324987611,1.5283217629246801,-0.11097980072098883,-0.0895621120708202,0.06684799593971848,0
0.2836877312705683,-0.92060032998591,-1.6776053425418092,-0.8551596593222037,-1.658632647804359,0
0.23618535264893203,-1.065472390447474,-0.18483780586520482,0.8383860567208034,-1.1841254707747377,0
0.3342264170360369,-2.231018630641083,1.6843328890415137,-0.3414003057165805,0.4838391515112039,0
-0.7145581387980207,-0.7119655460346862,0.01531317298170694,-2.8133801125797233,0.5413551729693398,0
0.21754974951449638,-1.3981827627112307,0.22876427834699678,-0.34686957630306137,-0.33576415426723294,0
0.27969049496122006,1.5759769448319718,-1.2879423870570286,-0.9933819374289323,0.29691208177226214,0
-0.7496309673134333,0.9418482853745838,-0.6329800641339167,-1.5707451971734117,1.691675602132058,0
1.8865771047168038,-0.7613043542765826,-0.38763495213610527,-1.187107993710198,1.5191275377576503,0
0.46437998849091333,2.1882616754146533,-0.32915735242654065,0.12480551280210017,-0.5370702293707086,0
-1.2369501740546707,0.9137110198303144,1.2979230337328869,1.3124248316153997,1.0877573768216309,0
0.651072330307942,-0.39687589939466933,0.5614221141956675,0.32329788011041055,-0.8246503366613882,0
-1.0156198109146863,-2.5780908846090935,-1.1366580616845217,-0.5725437259116957,0.13874302276238837,0
0.784440573720005,2.22688603354243,0.24484207767627075,0.4623170730529871,-1.601116626346223,0
1.1640267872332073,-1.464868458982831,0.5009220275649295,-0.42895286863703747,-0.20635310598642712,0
-0.8582730977516209,-1.7214759742656212,1.1539757657349368,-0.6583564719003946,-1.3854315458782134,0
0.9645640077369968,0.9546405738402383,1.6020006689993604,-1.1061977595469537,0.9583463285408251,0
0.40200095593615315,2.3761502985702383,-1.0386240350796154,-1.6881724132773215,0.6132501997920097,0
0.820176365788504,1.317447516902189,-0.8308473447575301,-0.3615796609866965,0.411944124688534,0
1.918269800042269,0.49457861488601335,-1.2853106422655047,0.1721892316973191,1.4184745002059125,0
-0.27047418341278856,0.5255180307680003,-0.24401143533710265,-0.07588449568358427,-0.5370702293707086,0
-0.7898717885148863,0.7849691402230355,0.468506369502529,-0.3869476170466515,1.691675602132058,0
-0.9286013578196184,0.6901936295846585,0.998512528160698,-0.9029902970549537,1.648538586038456,0
-0.8532951648550542,0.21099756346505694,-0.08320281184906345,0.6107090486882768,1.648538586038456,0
-0.0985298692045502,0.033466755392962455,-0.3313267400159596,-1.26474662582886,1.3897164894768446,0
0.32881506231968016,-0.1338368279861652,0.14845305689758417,0.7741404188703039,1.5622645538512523,0
0.2629527455896602,-0.827319579649347,-0.855553670914638,-0.9579970401034774,0.6563872158856116,0
0.8254108113371827,-0.3525847494672052,2.119821105559717,-0.7146917605776748,1.1884104143733687,0
-0.006467757677570881,-1.7691792729904494,-1.6414617597182903,-1.4105195906251418,0.411944124688534,0
1.4653761286682867,-0.16969248853295163,0.18200732673320305,-0.4701676168967742,0.009331974481582565,0
-0.29016172941142077,-1.0626625937872196,2.052745802996842,0.9682577861658273,0.3112910871367961,0
2.7595430564627295,-1.1780119821472301,0.0009823671521412075,0.5204924069611218,1.4328535055704466,0
0.6195147193802651,0.10939095189033507,-0.199268296922174,0.9712868106265307,0.9583463285408251,0
-0.8955411690220386,1.3252005887674538,-0.3695763194210958,0.5268379534240079,-0.7815133205677862,0
-1.1139218969038218,0.8500683804352087,-0.18945372727521,-1.0568193162670032,-0.26386912744456303,0
0.4732072726312897,-1.6463491090911917,1.3907085530969636,-0.3039784554928583,-0.6089652561933785,1
-0.24807227928123737,-1.0637027900578762,-2.2561351848422797,-0.7417357723703261,0.5269761676048058,0
0.7097678929724816,0.8725915335911747,1.5540771840441463,1.3143087594500966,-0.9971984010357959,0
0.4637717526702044,-1.0565402408259026,-1.4545737679900972,-1.1475236897987477,-0.23511111671549506,0
-0.09416419806646634,-0.29637168333952946,-0.2772095201258474,0.8887591770939615,0.44070213541760195,1
-0.8849520601723588,0.4806792776776578,-0.44261980025638176,0.8880346440364265,-1.1266094493166017,0
-1.567526513915727,-1.0423541128433977,0.5928192541811667,1.8004144909504947,0.2537750656786602,0
-0.47597275336224293,0.034644743943374565,-1.631759786444584,-0.3808301222862208,-0.46517520254803874,0
0.8552613916692446,-1.4091518593592198,0.46424811076087086,0.7120864682147199,-0.30700614353816497,0
0.19899506804477796,-0.674256638481158,2.0534613990715784,2.2407255599649876,1.691675602132058,1
-1.2925686719332863,0.24970592025133015,-1.3927370731761761,-0.5833932139443615,-0.36452216499630086,1
0.15719296041225542,-1.668910927886318,0.1870589833970093,-1.4770048867005237,1.4040954948413784,0
0.37394045547108,0.37076729235435546,-0.6793915731802949,-1.8130300754601865,-1.629874637075291,0
-0.9228214028336212,-0.09075032323946938,0.4273337193805603,0.7124662287154092,-1.586737620981689,0
0.13731424484131963,0.48312457772439704,0.013544325235922859,-1.816088829163965,-0.7671343152032523,0
0.039721693683028934,0.15354536178557213,-0.6585410624114223,-0.3444314721021689,0.8576932909890873,0
-1.1875663944139185,1.2972536486444084,0.4903931779368558,0.4442081044898591,0.8576932909890873,0
0.34581203798043925,0.054554354751837945,1.8296873192387961,0.1986080407998942,-1.3566735351491455,0
0.5532215917586721,-0.5017694026286621,-0.2001480423718074,0.43264751111313626,-0.954061384942194,0
1.0868404043263653,0.051618416747221875,0.7262980812897707,0.23476003593237474,-0.33576415426723294,1
1.0569554468083098,0.47390458230079874,-1.3216244400587598,1.2639404151546705,1.073378371457097,0
-1.427366931345119,-0.02204327712310467,-0.97894951125058,-0.9093902576298408,1.4903695270285824,0
-0.9779620573770239,-0.030336905988230363,0.47465910051594856,-0.6412077208957561,-0.17759509525735914,0
0.5064779173812638,-0.7751879652079179,1.5039046940215295,-0.7343915822765362,1.4903695270285824,1
0.5052014456912916,-0.7359778206588475,0.3558418136948492,0.8268999206431139,-0.6521022722869805,0
0.5064906064226972,-1.4779410632319192,-0.32441956582721637,0.8952863308977576,-0.278248132809097,0
3.9167229859466066,1.6838669964155475,-0.006656214852715222,0.4577595140912701,-0.23511111671549506,0
0.5635472418178563,-1.3187142648634427,-1.2780162384113956,1.1710411388409923,-0.19197410062189313,0
1.140496264964062,-0.766073727129786,0.6090579791636918,-1.1292620151742288,-0.1488370845282912,0
0.9549858788620276,-0.7916536723994128,0.8916910963769177,1.6422291106455504,-0.925303374213126,0
0.6457977629292733,0.826604716847029,-0.465861698231989,1.5019769688272215,-0.6377232669224465,0
-0.34187426249959424,-0.36690294226827125,-0.48412466979717766,0.7347821727629659,-0.6808602830160484,0
0.7557140687724333,1.1804998373189595,0.2645513265851632,1.7538331391242306,-1.1553674600456696,0
-0.809375762178784,-0.7465998658998146,-0.4502246847427304,-1.5954353659667917,0.6276292051565436,0
-0.2617184055506843,0.20879359178344215,-0.07321422153536594,-0.4926160550974961,-0.7815133205677862,0
-0.515665770116676,-0.9089505675201955,2.1301806749093934,-0.6980041875870813,0.8433142856245534,0
0.06390151103438707,2.08064736880936,-0.25724270565758206,0.7210061995728514,-1.2847785083264756,0
2.345218195530028,-1.2622776285900914,-0.3704865568651782,-1.0046781638483242,-0.7383763044741843,0
-1.927604710571993,0.23971427703078363,-0.6647009077931884,0.7560881837548872,-0.954061384942194,0
0.6814246203616338,0.564659735966197,0.7511556227195967,1.3532338587781714,-0.24949012208002905,0
-1.667522453259227,0.3440101905257509,-0.19030064820470652,0.6954110878457167,1.116515387550699,0
-0.5019421342996737,-0.2569060400675364,-0.6665638810143155,0.2946275992594679,-0.30700614353816497,0
1.0928679876744576,-0.20126969748552045,1.338270697102053,-0.9440252741502083,-1.0259564117648639,1
0.045924961360350416,-0.027107292737153888,1.4382734735497753,-0.8066594178497765,-0.6952392883805824,0
-1.1209231193232716,-0.21850346715646884,-0.6167659731385224,1.2354518397051606,0.6995242319792135,0
-0.7506039577433046,0.8957700287400591,-1.9048278010710171,0.7773753975814806,-0.01942603624748539,0
0.6746173627372651,2.146220879522014,1.0190414645799095,-0.019773942366343868,0.29691208177226214,0
-0.7659942909518728,-0.6302467926754635,-0.7024317700890292,-0.38883986542590376,0.6276292051565436,0
0.2014113162591,-1.4450386002951408,0.798394078839526,-1.955047574887893,0.29691208177226214,0
0.02681013737426191,-0.1596041965396782,-2.0101867274027256,-1.0248528172470526,-1.6873906585334268,0
-0.6855159268416197,2.516534626420464,0.9021332818079407,1.8800924424708518,1.4184745002059125,0
2.1707930335216434,-0.8771813616865805,-1.2381003642611617,-1.2290212447557738,-0.5658282400997766,0
0.6279457540125151,1.5730697392257202,0.7374950269426179,0.20280072094795576,0.8576932909890873,0
-2.0889137598404512,1.6117715746170185,0.008585122904541012,0.9995561743853625,-1.0259564117648639,0
0.1707548624163049,-0.626331328845016,-0.9764092743679712,-1.20415037522148,-1.615495631710757,0
-0.6959234515221269,0.49966806873242764,-0.42002676244311943,0.1981550371777938,0.2537750656786602,0
0.8512097381058055,1.5623168199193738,0.6922789935423962,0.9318305165225654,-1.701769663897961,0
-0.8294993919939792,-0.4513380655608376,0.10179457058256784,0.03040908539760974,-0.39328017572536883,0
-0.1369826374607662,-0.27525460302800175,0.5886072017488515,2.812263117598704,0.34004909786586407,0
0.4962115240338116,-0.6545097896969765,2.004762652035828,-1.6071008944395888,-0.6089652561933785,0
0.8648211641292068,-1.0889081211734468,-1.5972897608309684,1.0495109922342984,1.5766435592157861,0
-1.2461385556285456,-0.7223128455026919,1.6393081868097092,-0.15008736933288405,-1.2416414922328736,0
-0.3615242841791639,-1.2987304560339406,0.1002293880857094,0.7701391684705462,-1.3998105512427472,0
-0.5050210805337362,-0.03686500356079605,-0.920297901912782,0.4480985110758183,1.3322004680187085,0
-0.6872823912054637,-0.8433771085819761,-1.359307129346632,-0.6959125996405998,1.1740314090088348,0
1.784076252006857,0.16344728566845823,-0.19833372994838294,0.24129268121203723,-0.3501431596317669,0
0.3940322146131807,-1.6316995514640007,0.9316896236475092,-1.791494738441219,0.5988711944274757,0
-1.3080430461792825,0.2608381099933579,-0.1356952521595107,0.6058399668401565,-0.30700614353816497,0
0.918060520010531,0.7650218139212773,1.5314122577488107,0.30866147619408785,1.044620360728029,0
2.148531555142685,-2.070876611281636,-1.4822640812145864,0.6403344325680328,-1.629874637075291,0
1.0351548744777852,0.30414629831032336,-0.018233822410105526,1.0489166092184485,-0.8821663581195242,0
-1.5721475624095205,1.1603654585115388,-1.2800363669339552,0.37632181140416093,-0.9971984010357959,0
-0.5145117446559178,-1.2843875413218293,0.36399933181221006,0.162483516368768,0.34004909786586407,0
1.2746967267135545,1.6066274863316208,0.8963243637637548,-0.8399895784821109,0.6995242319792135,0
-0.7428037746269774,0.34924604286031,-0.43399014529667795,-0.6755199935100902,0.5844921890629418,0
0.43371411633182105,-0.7782173560634109,-2.655287718994733,1.1741980586153393,-0.8534083473904561,0
0.7717193957086784,-0.12699193865190825,0.19646115269151054,1.4173270350775051,-0.01942603624748539,0
-0.9668306824830203,0.48897936056723423,0.43837314998197446,-0.213702702464921,1.4903695270285824,0
-0.08057147265486476,0.005184939580642957,0.4053670088013253,0.06304381246829195,-0.24949012208002905,0
-3.3314724486595733,0.46934867536734143,1.2512665169253834,-0.8629251000486339,1.2027894197379028,0
-1.0664062011365154,-0.9945376751239912,-1.0955534619408829,1.1605827084077611,-1.701769663897961,0
-0.2778102855151499,0.09882545839523911,0.6860708707149137,0.6663973239237544,-0.4220381864544368,0
-1.2946575127517603,-1.4890842133759574,1.2072417627935765,1.9091181611041803,0.6707662212501456,0
1.648141467287372,-0.18261827531782773,-1.8153509659620042,-0.8373154998470639,0.7282822427082815,0
-1.4809794836485106,-0.9777205241185798,0.3192569740980195,-0.34997281413690334,0.8001772695309514,0
-0.46936164463869806,-0.808828638168844,-0.5188540573837853,0.24367869829349398,1.2171684251024368,0
0.1138301197841835,1.1688153667806713,-0.08887103403496684,0.6479607967534734,-1.3566735351491455,0
1.4528488375891844,1.0235901777499148,0.3477673797213091,-0.19184181496417235,0.6851452266146796,0
-1.4868246047594862,0.5399457347898335,-0.5016089762290337,-0.832092542147855,-0.6089652561933785,0
1.1686942551230017,-1.1667009935854673,-0.6933553839349768,0.8767876837822969,-0.6664812776515144,0
-0.009296772407530865,-0.3884272438627895,0.02880903892136055,0.7206711568077361,-0.09132106307015528,0
-1.0225951843813488,1.1457496686147883,-1.112026379626866,-0.8742825047845595,-0.7671343152032523,0
0.4523955882003574,0.07109712980402758,-1.110580942921602,1.338531865750537,-0.3501431596317669,0
0.18363423634566906,2.255359688254901,0.6852134396805292,1.1580909013277585,1.6054015699448543,0
-0.6330155748123512,0.32346638737960315,-1.1746412816381544,0.1490482255501971,-1.744906679991563,0
0.051567056004226966,0.12158303571770238,0.6719262766763171,0.09576785192444351,0.6420082105210776,1
-0.41344111303138537,-0.38111299031057383,0.46467399354013195,0.5579256602019246,-0.37890117036083487,0
0.09623252006882828,0.06289615328082587,-1.761655266560828,-0.8211264271102066,1.3753374841123105,0
0.6567706204355351,-0.22398799942828054,-0.6952441368674909,0.0474866576496334,-1.5148425941590191,0
1.600738539462383,0.6392185240671402,1.2088714187386356,-2.0783413112881743,-0.1488370845282912,0
-1.2844731700223033,0.8885713124300046,-1.0041072930157635,0.8719641959672683,-0.4507961971835047,0
2.1596451613356473,-0.8594422479417155,-0.47838906355985583,-1.5027719719302606,-0.4939332132771067,0
-2.0142710389683396,-1.4063507902146546,0.4641344005858702,1.4826720499125297,0.5844921890629418,0
-0.17483658811154207,-1.9128652803131727,0.7910335840207701,-0.30332667477241243,0.7426612480728154,0
0.5813527278194253,0.438490061564338,-0.2618341174514721,-0.18794489090944083,0.6851452266146796,0
0.2673473028937895,-1.1777885909966084,-0.613802104983163,-0.593223765312463,0.6420082105210776,0
-0.6559869047755548,-2.230517584567755,1.4410882883358735,-0.26233656355942675,-0.46517520254803874,0
-0.23239829931915068,0.3187126799742574,1.7631044632442938,1.3999846096073498,-1.0547144224939318,0
-0.5234691647425257,2.429560014191996,0.9898891407958765,-2.40506930603197,0.9727253339053591,0
-0.6219275707018134,-0.07714200567407176,0.08086161332809658,1.2620892634240115,-1.2128834815038056,0
0.848316959969518,0.7699987790083027,-0.8282106320127116,0.3474928456551351,0.411944124688534,0
0.3450233859783399,0.011026691782599846,-0.8507737373938525,-1.1574913634130841,0.39756511932399996,0
-0.7277230807196476,-0.1702441945844812,0.5256354408182156,-1.0291971505393716,0.13874302276238837,0
0.8994015002796018,0.8508305779116014,0.41971492839891716,1.6511602887836692,0.7857982641664174,0
0.29422678454384354,-0.3622135313720491,1.4199569936925813,-0.902757317932719,-0.9109243688485921,0
0.8107783941364392,0.1971563142344212,0.655788927095776,-1.1052118457815503,1.1308943929152329,0
0.623562321382995,0.2516276429409512,-1.535068349285271,1.126059376239761,-0.7815133205677862,0
-0.86676647670129,-0.7411832044101138,1.0642455603684213,0.3480085143418641,1.102136382186165,0
-0.592109510741602,0.9240192655686346,-1.0212952298508369,-0.8953725874178419,1.3322004680187085,0
0.7437846698479921,-0.24654659882839663,-0.3965619379007323,0.22924203818409025,0.10998501203332041,0
0.6038851365505942,-0.8291055877319592,0.24860155789979158,-0.9809224570249157,-1.0547144224939318,0
-0.041108176595215644,0.4670956672651946,2.0243228149298864,1.090512449912012,1.3465794733832426,0
0.10012537388982326,-0.9722642529653133,3.157887060232569,1.0520849124763543,1.5766435592157861,0
1.285684218942416,-0.042785338761683965,0.6113039783100074,0.5364458552010798,0.0524689905751845,0
-0.624182166393803,-0.08019939893481512,-0.1923072818665261,0.37051753547972577,1.4472325109349804,0
0.5392369399838997,1.0181590881724074,0.5378348320024556,1.7337567648292829,1.6772965967675242,0
-0.22633981444725054,0.40509529801884536,0.8971057118115928,0.01792831440873705,0.5269761676048058,0
-0.2421650275361508,-0.09615594032240875,-0.33216105705241283,-1.1329958820484114,-0.16321608989282518,0
1.1029078281753113,0.7492110159381125,1.8203921991135832,0.4560535191944293,0.6563872158856116,1
0.8236055055897772,1.3234003707218625,0.22812320956610863,2.0501925391890095,-1.0690934278584658,0
0.8114399858630833,0.48846117679999473,0.5004350716139077,-0.970214305055052,-1.0259564117648639,0
1.314102699152422,-0.06066832057319602,0.6715312983510849,-0.33385667460272045,-1.1409884546811357,0
0.00170812408743632,-1.386894835846069,0.4229585820985116,0.4238820123579193,-0.3501431596317669,0
0.6770237786906382,-1.1394188321378271,0.8475464164921986,-0.03427331563209669,0.8720722963536213,1
-0.33676303935332547,-0.37720934591610983,-0.6338872997304662,-0.9385999299457266,1.3465794733832426,0
0.31146023704397713,-0.6824260683117362,-0.573914069072176,1.1110034609654562,0.7857982641664174,0
-0.15272413163843837,-0.25859482564023833,-1.12515841163767,2.2781190738280257,0.023710979846116545,0
0.07935202772301687,-0.014229634113204995,0.4411837140479844,0.20927989082465695,1.3753374841123105,0
0.5883412184700149,0.4602577602164922,0.7865023775065039,-0.8623931740392641,-0.6089652561933785,0
-0.8557579560309316,-0.1417666201975289,0.4597720496303137,-1.4905642303484608,0.9008303070826892,0
2.1181155704765775,0.4169347538890387,1.6975808700520305,0.2695208686315525,-0.16321608989282518,0
-1.0476366415914833,-0.006381249993254018,-0.011628352239070782,1.0934891583087618,1.1884104143733687,0
-1.260332725174631,-2.052551745473612,0.6743975356041964,0.48108114667829993,0.29691208177226214,0
1.16353154606823,-1.013256464744916,-1.116558533792844,0.0158923413245273,-1.3710525405136793,0
0.7891181742422471,-0.215580121196772,-0.3997445931309703,-0.5557587849863249,1.058999366092563,0
0.6179335512245485,-1.2844414295330184,0.7016580911748408,-1.0456114604708457,1.2315474304669707,1
0.6222510939435105,0.5307082205002706,0.8578841567286417,0.8313412130934908,1.0014833446344271,0
-0.03226523252288633,1.4643728411686856,-0.3049975795360748,0.908312619321866,1.4328535055704466,0
-0.9365095366331011,1.1514311173599048,-0.07877561133014917,-1.4874172606396643,1.6341595806739222,0
0.05770000018842062,-0.2851472317136489,-1.5501182071993935,1.5668504685876032,0.5125971622402719,0
-0.7116328977615297,1.4242259193870814,-0.36915288309158545,0.5774201884331525,0.5988711944274757,0
0.9765628732833291,0.07806889874043227,0.8998807290045324,1.381538912493996,1.044620360728029,0
-0.17000611203353605,-0.409167909718598,0.5792396368492968,-1.2890943465122118,1.3178214626541747,0
-0.8631926333712112,-0.6863284102747785,0.5034083615360235,-1.3121763378232498,-0.1344580791637572,0
-0.3481238111110628,-0.3744459148536206,0.044701070194160704,-0.12687288415481893,-0.5226912240061746,0
0.4021547551681799,-0.460414776932772,0.0012502452112444446,0.5079817640969037,-0.12007907379922324,0
-0.5957300458605618,0.09988407968035326,-0.6777017442806024,1.7680174826412443,0.023710979846116545,1
-0.8598446069260388,0.09001178239535647,0.7050057904694293,0.7060051013254345,-1.0547144224939318,0
0.22923178504229197,-0.0679972329515183,0.422334279270924,-0.2181550272842436,-0.6664812776515144,0
0.23053895308040487,0.3672199242679147,0.49461161293608735,-0.9815229954206363,-0.968440390306728,0
-0.5377144568394854,1.1232296818919902,-0.5410878793197686,1.2163421838226132,1.3034424572896406,0
-0.5010291515226375,0.8814013021618616,-2.196601890776688,-0.9214580715460179,-0.954061384942194,0
0.21734156074651326,-1.5604850630014973,1.110234188831311,1.604478432770487,1.058999366092563,0
-1.4993124590962414,-2.6327727822917963,-0.49307242606110707,-0.25877708831288326,-0.39328017572536883,0
-1.457808955052708,0.8661205561149818,-0.8836654903927014,1.5675742955961607,-1.1266094493166017,0
-0.7538127325442904,-1.4421053890440376,0.6995635598001725,0.6795613785496382,0.5269761676048058,0
-0.2378389438144479,-0.2965043391022936,-0.4047426859267353,-0.11520952871403317,0.9152093124472233,0
0.29791325446039724,-1.2447388392193452,1.0723727950134259,-0.48769527604554347,-0.5083122186416407,0
1.4876725989369997,-1.8785358296456967,0.6217651008479136,-0.31383474559370333,0.8433142856245534,0
0.8565496261811669,0.472063676879178,0.6894822093829891,0.4354448767031129,-0.5514492347352425,0
-0.18316724776211002,0.6904208919951965,-1.3955669947683813,0.09338978707186517,1.2171684251024368,0
-0.03918180939821881,-0.6493234869074066,1.2270151257381603,-0.560180831556652,0.411944124688534,0
-1.044072808484447,-2.670007299079301,0.2598434168295134,-0.1431029590880075,0.4838391515112039,0
-0.03866780261436662,-0.6189651091198841,-0.38161311356807137,0.09477348807065075,-1.5292215995235532,0
-0.3146852432319328,0.3219479304841714,0.1399384640272906,-2.0553050591887603,0.6132501997920097,0
0.30998097538848673,-1.554480382227017,-1.812957841836315,0.46452229231281505,0.383186113959466,0
-0.8649640652037899,0.11286730418261527,0.40980060298730303,-0.9360845312570933,1.2171684251024368,0
0.510882874557634,-0.0864091569147289,-1.0531488184328717,-1.1051942078913495,0.3256700925013301,0
1.5463025769623129,0.5100079687121829,-1.3820512947391201,-1.6253599480159295,-1.2272624868683395,0
-0.13087644252828215,0.04889298461991147,-1.5546813923179363,-1.729145450063384,-0.6521022722869805,0
0.3906911486070626,-1.0470930263636617,1.1260391298410368,-1.302068738008509,0.35442810323039803,0
0.6853928407953523,1.1291730030611176,-0.6461056783454413,-0.6724031541118389,0.5125971622402719,0
-0.4296937431317576,-0.2300662411278372,1.554376288680204,1.9208476372276866,-1.1122304439520678,0
0.2092111403243257,-0.09844047629920105,-0.5510237833553866,-0.49401047685338234,0.34004909786586407,0
-0.006886149555556344,-1.007170501437996,-1.7428867250414157,0.19137514155850163,1.2027894197379028,0
0.08004694480069074,-0.5156884890013017,-1.1418123614339397,0.4083313024766302,-0.8677873527549901,0
-0.8095643433329761,-0.9585572545913379,1.2512964551853387,0.14590069802073208,0.5988711944274757,0
0.005290671073950479,-0.24452675268591073,-0.16453568050752923,-0.0572016031483585,-0.3213851489026989,0
0.4890706222374865,1.6458830923357646,-0.5637260322358489,-1.146067567251273,1.2890634519251067,0
1.4629336995769373,-1.4471431709595808,0.15685646413249893,1.431540823230079,-1.01157740640033,0
0.9603694708720132,-1.6895414011855028,0.5045447374046684,1.7785723452511275,-1.4860845834299512,0
2.1802322087609523,1.4046103910508818,1.1308312162566856,-1.6207957876403025,-0.19197410062189313,0
-0.80377904717704,-0.2810154588573629,1.467670553711654,-0.9792430676524294,-1.1266094493166017,0
0.8715293144766362,-0.7421684891012797,-0.3719398105428982,-0.2543213866516201,-1.658632647804359,0
0.16757490360203678,0.9720277640875454,-1.3549672486731132,-0.921294787145315,0.7139032373437475,1
2.2176486745878985,-0.6785175063713542,-0.4265670410885243,0.5110804083702161,-0.0769420577056213,0
-0.8456198828907932,1.760533375627814,0.2588565788584897,-0.6911552402806712,-0.7815133205677862,0
-0.8777264685496567,0.6089435473168775,-0.9863989815069246,2.1271529610180373,-1.2703995029619415,0
-0.6321734274291004,-0.5604539332180813,-0.979676434329757,1.177913141616113,1.030241355363495,0
-2.189813415812138,2.092843585374294,0.3438113770645027,0.2252961289028619,-0.7671343152032523,0
-0.5569352012731397,-0.6786171931316477,-0.055430975192822196,1.0185917594923621,-0.968440390306728,0
-0.795385585073616,0.6733090070008464,0.027430123477864596,1.095459783608554,-1.615495631710757,0
0.1339105151332876,0.22915399670391845,-0.7775775809694152,-0.5310912423956508,1.4616115162995145,0
0.3294321919681068,1.2346639553312466,-0.24032956023466545,-0.7768199870241707,-1.1553674600456696,0
1.8971994094929807,1.4952271406862743,-0.946188103962629,0.09435077348903725,-1.1697464654102037,0
0.9513301830414463,-0.03895067252067242,0.8996927743185962,0.8575289249965776,1.1884104143733687,0
-0.609195612383771,-0.8267711915752588,1.0472578480479033,0.15368860546832522,1.5622645538512523,0
-0.9376950570098116,0.39032423795928595,-1.8841229516471434,-1.5178732532289219,1.073378371457097,0
0.4828593655133822,-0.7508375128168887,-0.9515572978990723,-0.7637744435464727,-0.0050470308829514135,0
-1.368682326312756,1.9484831178435558,-1.5284037541152522,-0.05382099388250651,0.22501705494959223,0
1.8515154653954735,0.06589972387598951,-0.6672260590029805,-0.05546984414787017,-1.615495631710757,0
1.185324410152568,-0.4374897149322738,-0.09081952832973728,1.9396306934958052,-0.292627138173631,0
-0.49912601099275067,0.1141917224262088,-1.4807070834038754,-1.331817305220571,1.3897164894768446,0
-1.7701238315673913,-1.422292660808329,-0.943773636157737,0.5107138539989814,0.9439673231762912,0
1.3635481585955411,-1.0456336810528957,-1.0272941821823884,1.468736283615765,0.08122700130425246,0
-0.136781767991104,1.1330271431731431,0.20492453068069263,2.230787995203063,0.8145562748954853,0
1.2449694781910794,-0.729952839175572,0.06461093575841576,-0.37567809381441714,0.383186113959466,0
-1.6488367245533437,-1.1211605649116498,-0.7401826814241617,0.4969212089665448,0.1962590442205243,1
-0.6321554218928146,0.46723901263343104,0.17395034865670977,0.5732210995733178,1.015862349998961,0
-0.014394583482684747,1.1182724696614137,-0.5620909627228109,0.20864700990412727,-0.43641719181897076,0
0.028249512196139297,0.6500962750814157,-0.28229901381759626,-0.07804842562325631,-0.1344580791637572,0
-0.47960044758776804,0.9280368332210309,1.6965224948626787,0.4429049942225534,1.5622645538512523,0
0.6166360640472183,-0.8301587230524042,1.357759762923692,-2.448354532598129,-0.6377232669224465,0
-1.1105787058738772,-1.4972051070682355,-1.3280420597537672,0.6826182092929108,-0.5370702293707086,0
-0.1652265358417044,1.4348658274234996,0.8381787313189536,0.1411401360597993,-1.3279155244200775,1
0.10315814074498618,-0.39471778440168687,0.8195250546270372,-0.19847257121660591,1.3034424572896406,0
0.5058685200389087,-0.32265155821186753,-1.1741013358687984,2.0120236953638426,-1.0547144224939318,0
0.707330422733792,1.2611975887573161,0.8270340794185527,-0.6392000432589228,-1.629874637075291,0
-1.1688398028015987,0.48687605398246814,1.5586533682140695,-0.3743909226858597,0.3256700925013301,0
-1.587212250230146,0.3862273943650933,-1.1479370780111793,1.9581488862720633,-0.7671343152032523,0
1.2856964042808363,2.1005612131323774,-0.9393411248289395,-0.7922532323863747,-0.925303374213126,0
0.31978499572180036,-0.716535943183846,1.0293651317790566,-0.5176176875495312,0.9008303070826892,0
-0.784508053734535,0.8596209851776395,0.27026576794796,-0.12497940014859603,-0.8677873527549901,0
1.5651158695605623,-0.013865324983292909,0.5550996085842584,0.8371692338015246,1.4472325109349804,0
0.0984367003845868,0.19835994344444563,0.34055726983861745,0.2206483247362696,-1.01157740640033,0
1.185178366594777,1.4620834652905648,0.39153246782079293,-1.2408754751533542,0.9583463285408251,0
0.049233815551651766,0.4383340158642571,-1.3553990477080242,-0.5001363017884295,-1.1841254707747377,0
2.0857885002980026,0.46888735750003857,1.0595353995773227,-0.5733727044683022,0.6276292051565436,0
1.7737430272931274,1.0047299750554166,1.1839270161377682,-0.05698495457705541,0.6995242319792135,0
-0.27412794525947354,-0.4371197668655136,-0.2393020844065759,0.4330359653609303,-0.8534083473904561,0
0.9729369537612805,-0.9128249771415105,-0.05016586882299643,0.42559610305435885,0.35442810323039803,0
0.6396517113848924,-1.1190523578677365,-1.563581342165678,-1.7117283296244128,1.5191275377576503,0
1.3786281505791194,-2.043413948704618,0.5172329332678629,1.0545882979694206,-1.040335417129398,0
-1.005649494834501,1.991433762408222,0.5760375059302931,0.26425393307301676,0.5557341783338737,0
0.6812113529795805,-1.1776298673141925,-0.06920430467350615,1.366866867620838,0.26815407104319416,0
1.0616783558078724,-0.2929818366256886,1.1379063024949188,0.45091472241436426,-0.6377232669224465,0
-1.816720067543548,-0.3487111795035746,-0.34580308954549577,1.0910010044739884,-0.36452216499630086,0
-1.228730322094864,0.2372928927697334,0.5684568338864957,0.47268227965260434,0.9727253339053591,0
-2.103309605165706,0.7471757329094165,-1.043273395747188,1.3295538062926524,1.4184745002059125,0
-0.29501497761200723,0.7920486231090551,-0.02989571575112797,0.5269432408789124,-1.1409884546811357,0
0.7133866391303304,-0.6559105789848352,-0.1833116574774594,-0.07714258329056327,0.7857982641664174,0
1.515260329737218,-0.23868462032472187,0.2232778187348734,2.231747431163729,-1.2416414922328736,0
0.05595305833645932,0.2123903302271577,-0.3818672327279543,0.8842194521544038,-0.0050470308829514135,0
1.6442632035499671,-0.3205031270961769,-0.1396867325767926,0.5771018620204564,-0.20635310598642712,0
-1.4298518860122633,1.5412014877160567,0.8344296089501191,-1.224977724083902,-1.615495631710757,0
-1.7601597684223385,0.42142172216249973,-0.4502699572742313,-1.2366696983260226,-0.39328017572536883,0
-0.07650735632310984,0.6660693801806209,-1.6403590457739612,0.3033596215175288,-1.673011653168893,0
0.37266131245885475,0.5938530018610972,1.7739738923000088,0.1599818848447815,-0.93968237957766,0
-0.0531576691260126,1.1060048239466744,1.3994633170053656,-0.5799653478073965,0.09560600666878644,0
-2.132132704063492,0.11052180228598875,-1.3205966665307838,0.1555610637762474,-0.7383763044741843,0
-0.11080943217480223,-1.3718447317906508,0.6957270889951952,1.5656698452629327,0.9152093124472233,0
-1.3525759766605654,0.32985595260758693,-0.51762810976019,0.6956054876174016,1.3897164894768446,0
0.6644764264610596,-0.7243985440850979,0.26211886910188575,-1.0931898562427271,-1.4573265727008833,0
0.35481443893673204,-0.6012835114402708,0.29338854199483405,-0.09038370092189016,-0.43641719181897076,0
-0.9800614661759208,0.5171020857259961,-0.24440610068454463,-0.7658609403431715,0.06684799593971848,0
-0.5447886946710098,1.1710119504472827,-0.8032859194472501,-0.35941353069144893,-0.6089652561933785,0
-1.1019890641261607,-0.049716019677472544,-0.7084454552208509,-0.3846573197645751,-0.954061384942194,0
-0.08379376422771236,0.23872356319952182,-0.9380074975287293,-0.4470270280327703,1.6629175914029901,0
0.9561512272495543,1.6363605657373141,-0.8521754203376478,-1.2043575640677575,1.3322004680187085,0
-1.0269042498321346,0.17043582981216251,-0.07427802152465013,-0.10611091524153561,-0.09132106307015528,0
0.495250311944913,2.5385755058464277,-0.7341015087992692,-0.5278379889864903,0.36880710859493204,0
-0.5615356673238474,0.49618402810514306,0.6879386534544457,-2.8352582137879123,1.5478855484867182,0
-0.8298591390068273,-1.8371922818359563,1.5070890749310613,2.0179751045912067,0.8576932909890873,0
-0.12910905499067452,0.6845895995748219,-0.5960425723991906,1.0787731910504408,-1.3998105512427472,0
-1.0774968217811403,0.31126980066830745,0.23761873152088,-0.34830990474722157,0.4838391515112039,0
-0.5854358007723898,1.222638809763688,0.5024107536444267,0.03656495127914994,-1.6873906585334268,0
-1.2436674718384166,0.6041845385658174,0.4742480909510104,-1.1230410888988283,-0.033805041612019374,0
1.9876785373630137,-0.20993135192373855,0.07133645310430847,1.6699889426368129,-1.4573265727008833,0
0.016277786395531846,-1.299089518718302,0.7496199046772218,1.8663284319697353,-1.5004635887944853,0
-0.7346871455193539,-0.2807141215777573,0.48467237720912204,0.170864726795476,0.7570402534373495,0
0.19887876034291962,-0.9241703045742004,-1.2650500138224614,1.0152257398646305,1.0877573768216309,0
-0.13452189639037515,-0.6533487909216567,0.8782857031299378,0.18897568495356945,-0.93968237957766,0
-0.24552490109422484,0.5193232336201014,0.8967348038342295,-1.2838321114474025,-0.4220381864544368,0
0.6077640912367112,1.6039514567409,-0.782451388276367,-0.38291149491472687,-1.4860845834299512,0
0.7542207906376404,0.32482421166991066,0.032660069072990565,0.146741107849867,0.08122700130425246,0
-0.5617844899630584,-1.2705875710052579,0.689237713375984,-0.4245280603833435,-0.36452216499630086,0
-0.6080866045640962,0.37490782837128156,-0.21887716901190582,-0.19475004126791448,1.015862349998961,0
-0.300782538204938,1.1292331712227273,1.085640508314069,-0.07079583731353033,1.648538586038456,0
-2.371708453481079,-0.6826975971344629,2.3989098726190687,-0.060547574444321045,0.1243640173978544,0
-1.5678778251506278,-0.2054789794776058,-0.805544771849574,0.06913735279411135,0.6851452266146796,0
1.376832663675925,-0.05631950583091431,-1.4109174206624588,-1.014871164873994,-1.4573265727008833,0
1.6609708055336017,-0.8583477684007261,0.30314930831621845,-0.6801910411622581,1.5047485323931162,0
-0.27420139897588836,0.5792075794193843,0.7281339225397608,-1.2330428880122342,1.5910225645803202,0
0.5693368613434846,-0.19237005161318377,-0.24080329109591822,0.9706959756216713,-1.1841254707747377,1
0.29826328998904333,0.3497610453132283,1.4725145164899855,-2.0328165250963193,-0.7958923259323203,0
3.1260517276581594,-0.9612549313752677,-1.3677430305805072,1.1419131677982621,0.44070213541760195,0
1.12415795848013,-0.5098467531160723,0.698993559498297,1.368637095883328,0.06684799593971848,0
-0.15045029563678208,0.6535347907180095,-0.6222974714429222,-0.2761116012242718,1.648538586038456,0
-0.9960625236208905,-0.4450242544268325,1.7432443373887683,-2.5174074278759266,1.5478855484867182,0
-1.6611166260907348,1.6611850498494156,2.021116042710993,-0.3337084163376844,1.648538586038456,0
0.18813390158287324,-0.4719091382985757,-0.7858802920661576,-0.04428609932116665,-0.968440390306728,0
-0.7925432005053966,0.15431830668399227,-0.5650178816270088,-0.9661609279569151,1.2890634519251067,0
-1.472920367319008,0.8643861965349247,0.8685516816576768,-0.4836256273182046,0.8289352802600194,0
-0.6803791855103926,-1.4937496532175978,-0.39977607685215777,1.5087531713894176,0.7139032373437475,0
-1.1248090126967039,-1.8372384752957323,-0.05213366337692766,0.6659203587879251,-0.19197410062189313,0
1.7040614280565245,-1.601367875811166,0.01989313667575746,-0.8823575698100053,-0.3501431596317669,0
0.8810509970013436,1.1953871922479127,-1.958881957326718,-1.5379417409558376,1.3034424572896406,0
-0.02789819759887225,-0.6245959497116084,-0.020012932366994265,-0.30030434918881044,0.8864513017181552,0
1.492360244883489,2.494958887643438,-0.7076180805151013,-0.18968828131463533,0.8720722963536213,0
0.05929773961902044,-0.6370232370384811,-0.5076053989818479,0.5015672708742464,-0.1488370845282912,0
-0.8997575115285805,0.11406232581361885,1.462718964240103,-0.5032028239934384,1.3322004680187085,0
1.5364787512010227,1.475766649554284,-1.2842211147295388,0.5164709406110278,1.0877573768216309,0
0.5308716408629012,1.9411664831668476,0.8213650356877635,1.903211980326945,-0.10570006843468926,0
-1.0795442093867986,1.9967463832440404,-0.28973349938441,0.8125900434240209,-0.0769420577056213,0
-0.2142281796954121,1.1410037504007735,-0.29054455598119383,-0.028607783790143813,1.1884104143733687,0
-0.9144031314609156,0.9561372241560969,0.7981359783231018,-0.16016777439385232,-0.5083122186416407,0
-1.4326088089679345,0.5232838363555177,0.34001002427290716,-0.329191230748767,1.1308943929152329,0
0.9265568700735397,0.7096854583441622,0.5745680250538052,1.1682623524478029,-0.5945862508288445,0
1.9311678482566386,-0.623921466701238,0.979030749963562,-0.5928142071389492,-0.8102713312968542,0
-1.4487193848675062,-0.8917500310846296,-0.34298624964461516,0.06228399954654018,-1.4860845834299512,0
0.5554537893896949,-0.07443731718945708,-0.6287838981343029,0.06810426379879311,1.2746844465605727,0
-0.6845373298893794,-0.24175688248770744,-1.109894647793594,-0.47053975689115596,0.1818800388559903,0
-0.5174659016771022,-0.5256646593353003,-0.8456526092418318,-1.3186455280133744,-0.06256305234108733,1
-0.6250225805939488,0.6274615008755419,2.994275384313053,0.3328340676999795,0.9871043392698932,0
-0.9025229104012202,0.8871699377561888,1.260318123206885,-0.04118836787665518,-1.1553674600456696,0
0.029824042609133808,0.017624305795848647,-1.38042771322142,0.5055037679969776,-1.1553674600456696,0
-0.8687640787614679,1.4109895658488347,-1.3513152989898178,-0.5015309219426101,-0.9109243688485921,0
0.25658326912029783,-1.2162281271517532,0.4842828496441787,1.2074009160107757,-1.4717055780654171,0
-0.07108235655767992,-0.2653034060378418,0.5508151336858564,-0.8358063750175353,-0.7096182937451163,0
-0.26389413162150954,-0.790063887372716,0.5524622342142083,1.6858832606824445,-1.5148425941590191,1
-0.9470429120287547,-1.9432891489815278,-0.26531024980562207,-1.6840888169141657,-1.3710525405136793,0
-0.60906041104451,-0.15398572874803246,-0.13356408182315155,0.44173092171668044,0.7570402534373495,0
0.7520583020838528,-0.19317185245105234,0.32762728203773966,0.48133726513568237,-1.7305276746270288,0
0.49205296434279056,1.4470189184884674,0.08144644109993782,-0.7566955007173264,-0.8534083473904561,0
-1.0185558460882405,0.5616854845556927,-2.2637025762131815,0.431623833880928,-0.8677873527549901,0
0.08173915133123959,-1.0983670121641342,-0.23971805809415977,1.2645763439212514,-0.3213851489026989,1
0.7479671656432038,1.7887019870400083,-0.8720990973906735,-2.1411058864323644,-1.4860845834299512,0
-1.7254440757548561,1.1537098988806587,0.17231299896746485,0.507943171969822,-1.5148425941590191,0
0.5354185188968635,0.5128227420860425,3.031066797855749,-2.410389843344919,-0.7671343152032523,0
-0.6967789452963982,-0.298228284567798,0.3679158424824532,-0.922392573957029,0.6420082105210776,0
0.5632490561785002,-1.033421700198901,-0.32489939662683237,1.6051581496310645,1.2603054411960386,0
-0.7996017743982156,-0.4443959655966481,0.9318436377257923,-0.5484633622128767,-0.0769420577056213,0
-1.8638656470489812,1.021020854620542,0.4851189197368196,-1.125208998764517,1.102136382186165,0
-1.6826712932270718,1.8192888475636053,0.4214405991974312,-0.17457161882857872,-0.5945862508288445,0
0.029377869532343236,1.4769036869401744,0.6114337229222837,2.032522191801247,-1.1985044761392716,0
0.24561562160725764,-0.5613948113383115,2.0862540476277767,-1.7659553625718054,-1.2416414922328736,0
-0.9437252968351408,-1.1940890444299017,-1.1564253262072814,-1.0058170208439472,0.6563872158856116,0
0.6327207732388811,0.0702639264086772,0.475906146071769,1.4768391691293092,0.7282822427082815,0
-1.7173874621789458,-1.8448923308474188,-0.948373320452662,1.8277685010090023,0.13874302276238837,0
-0.0872683839397709,0.25310203969333295,0.5592059416195394,-0.08251553933066985,1.5478855484867182,0
-1.2570913559334984,-0.2191058858751869,-0.9405453320646772,-1.1886918963773025,0.44070213541760195,0
-0.6857568115696269,-0.5385122259679191,-0.4305363204413112,2.0597349827707405,1.073378371457097,0
0.02867667716665113,-1.6706254815366728,-0.30614001035372,1.571334521900072,0.5125971622402719,0
-0.8988677468146021,0.4441159691548866,0.9867950943285154,0.6795766692324945,1.1740314090088348,0
-0.4126665832129982,-0.6053801414388392,0.9284385655385057,-0.7731040064767593,1.058999366092563,0
1.008413533406588,-1.2445420497497102,-1.2732445834879076,-0.029524222763515462,1.3465794733832426,0
-0.609183570058593,-2.9520860016910646,0.04995093901550191,-0.137968308217511,-1.3422945297846114,0
0.8341046247466748,-0.09865148424824587,-0.7278142549156266,0.3405066339555782,1.1308943929152329,0
-1.1740146543378764,1.7066110937273213,-1.2862537625023638,1.431612797218782,1.058999366092563,0
0.5215678481399668,1.595279766194855,-0.2267139190262691,0.8748488066385955,-1.0259564117648639,0
1.4531505885686193,-0.5295446792167032,-0.31976502164201587,-1.0312073259557744,0.42632313005306793,0
-2.5451209298695057,-0.6751036335467977,2.46284313165956,1.3590396221681436,-1.557979610252621,0
-0.8339689944253303,0.3991532307403961,0.4345289274015745,0.32324690320422117,-0.7671343152032523,0
0.5698632231806067,-1.0724868354799397,-1.4074309167111723,0.6874849676717747,0.34004909786586407,0
-0.22721108324780326,0.23166094846809998,-0.5804985020281084,1.4467493022996758,0.6851452266146796,0
0.359460914364144,0.6973671578078113,1.0331514703700746,-1.0645246307873582,-0.93968237957766,0
-0.6368657931136084,1.1596274430531621,2.1187061607863265,-0.016662816235085236,1.2746844465605727,0
0.06871965940851445,-0.17151247913351209,-1.6194083076257748,-0.4994408033749852,-1.586737620981689,0
-0.1788133288237956,-0.2753482782945777,-1.9184442256227126,-1.508973107866136,1.2603054411960386,0
1.1734129491441607,-0.9517163002084137,1.8974590503714093,0.35595411311226705,-1.5148425941590191,0
0.2401987252594202,-0.9004580129326751,0.390431974533197,2.4646691582772715,-1.3279155244200775,0
0.3251886009933563,-0.29822306171867835,-0.8892780831627136,-1.77413317603922,-0.4939332132771067,0
-0.44058186909824537,0.2974348022991277,0.5379604091740697,-0.013209764770480959,1.1596524036443008,0
-0.5179571936277982,0.845321950279583,-2.687368174357288,0.642168381425526,-0.33576415426723294,0
-0.4617126220436945,-0.8766842308950863,-0.002501324446797433,0.13812080511335087,-1.4285685619718154,0
0.38327377318256883,1.4261943443165535,0.3275679193251545,-0.09196094198191307,1.2459264358315048,0
-0.44988734659104157,-0.3430041056151403,0.9343550638828899,-1.2472955953541176,0.09560600666878644,0
0.2763212008969809,-0.09248510014563582,-1.037405026603218,0.24498475305741965,-0.6233442615579124,0
2.1007598719108556,-0.8205460480849921,0.08123702832536207,-0.7189082619055086,-1.2991575136910094,0
0.8703073861380299,-2.5026958918601214,-0.9474002375638173,-2.1149061581877886,-1.629874637075291,1
-0.35286230741182417,0.8156925143391287,0.25387495315816033,1.1818519220564798,-1.543600604888087,0
1.20757149137948,0.6680414952777559,-0.916800590264037,0.951770032259989,0.4838391515112039,0
-0.43669764379516823,-0.3532392222444529,-0.4211097399811231,0.06855533186431013,0.42632313005306793,0
-2.1021778866386027,-0.003857263365046108,-1.0190110809826314,0.24136894685613047,0.9439673231762912,0
-1.0497505416805237,0.44646222340096675,0.6564869693259785,1.0646962609681834,0.5844921890629418,0
-1.931208096693866,-1.6383700703730115,0.8673952078318995,0.23675668835672226,1.3178214626541747,0
-0.3789063140724011,-0.6017208384678914,-0.2446225582361139,0.8988114623856811,-1.3710525405136793,0
-0.0009335364942007625,0.725637627775664,0.03296543121397328,-0.27153503788040917,1.2746844465605727,0
1.6931244339180302,-1.3291722918400073,-1.4796350128630427,1.2961996376330573,-0.19197410062189313,0
0.3142812724406603,0.22340183615676573,-0.3108062454247397,0.3307020420449871,-0.6664812776515144,0
-0.24361520386784008,-1.4317770508877414,-0.057010145893949954,0.2072542944145625,0.36880710859493204,0
0.8276814485489904,0.3968017982220891,2.660283642680194,-1.21889627726108,-0.8246503366613882,0
-2.2789492578970125,-0.10680287820782482,-1.1371759541502902,0.297749332997757,1.3034424572896406,0
0.22098366282037402,-1.6911166149126133,1.4836203076041488,-0.7921496035104744,0.7857982641664174,0
0.7678686154674543,1.097243647739156,1.008201867830907,-0.6034990691821929,-0.19197410062189313,0
-1.5304773589845566,-0.8078874068220772,0.27956530308429595,-0.7760001927629868,0.09560600666878644,1
1.1488626527868473,-0.8837793180424752,1.7831671022386746,-1.0203550556172607,-1.615495631710757,0
0.32610177304508065,0.13012913484122157,0.37261979350528673,2.0879128228242303,-1.083472433223,0
-0.4440669579324347,1.0810924708612457,0.38996910668734386,1.3150531038226134,0.009331974481582565,0
0.6267838803416775,-1.089976461995571,-0.05997672516893552,1.888808837238617,-0.9109243688485921,0
2.3002968390555742,-0.009184348919189251,1.2388415157058594,-1.1729531601612357,-0.37890117036083487,0
0.1660670757047526,0.35907345312684436,1.10953886424791,0.08764009095270277,0.9727253339053591,0
0.23386369820916814,0.6241696386908069,-0.6424574146035161,-1.2417348769346537,-0.278248132809097,0
-0.4890979229669609,0.10592781257401682,-1.3480488850927563,-0.6594226008288463,0.023710979846116545,0
-0.888069021149029,-0.43920121331702794,-0.21243421454673106,-0.8760873449038062,-0.5226912240061746,0
0.8286319036950688,-0.9011700473121768,-0.8198408744471284,1.2256771321361288,0.34004909786586407,0
-0.8944440996895583,0.015354391854797514,-0.07056097668255819,-0.3677221272591293,-0.1488370845282912,0
0.0533695542058892,-1.1464656348606892,1.2529511620448857,1.0589115638207467,0.7426612480728154,0
-0.5077921676699421,-3.0013241762810767,-0.47116334770457,0.6066907100673341,0.5413551729693398,0
0.4696387674976224,0.3668404032370483,-0.04950097209683948,2.262142384698878,-1.3710525405136793,0
0.3211623914599253,0.8356426968904255,0.05309309756728221,-1.422850391644274,1.4040954948413784,0
1.0403398625434939,-2.4412008470204993,0.8572012938676503,1.244816887571496,-1.5004635887944853,0
-0.5408544805348745,-1.0838667468539078,-2.2917697335814387,1.134949070995933,0.6420082105210776,0
-0.29549325319621733,0.5499924618944063,-0.6231514959508329,-0.9299065940324743,0.7857982641664174,0
-1.0197905846435358,1.9927260364753094,0.20901050869368062,0.9992535920512533,1.4184745002059125,0
-0.4737027702216092,-0.05019534804121145,1.2149444416654727,0.34566303499973294,-0.5802072454643106,0
0.365749312104819,-0.8012786510634329,-0.5063638714777255,-0.20334425584336938,0.7139032373437475,0
0.7536904141157499,-0.2545075200611792,-1.9150141056191932,-0.7843381059200176,-0.7239972991096504,0
-0.9619619588678328,1.3080224230801358,0.624517491279328,-0.6822300669999111,-0.982819395671262,0
0.8687555902282059,-0.7189893612976299,-0.6523103866238974,2.014897108531524,1.4472325109349804,0
1.3653520181689065,-0.8726851116476045,-1.2162223458212922,0.018898968306213838,0.5701131836984077,0
0.40266914718516633,-0.5552702657098132,-0.6411024311972056,0.7800842877195933,-0.7383763044741843,0
1.8978379673830594,-1.027292411269024,-0.19365905167338676,-0.7521585819175001,0.5988711944274757,0
-0.8103607001097072,0.05199236819547156,-0.6211619690213478,-0.7413985655263964,0.34004909786586407,0
-1.2914610328489453,1.5585873008338775,-2.249730205331277,1.0721642678905163,-1.2128834815038056,0
-1.837135135948793,0.2530133285457333,0.9066795985816376,-1.2963496810566069,0.9295883178117572,0
1.5088103741144296,-0.3241766870994097,1.2910369580174819,-0.3862139854206247,0.21063804958505827,0
0.6488368202516569,-0.3637549489056303,0.6568794049915706,0.05137898047539404,1.1308943929152329,0
-0.07654513196820945,-1.6390169917187871,-1.1633403769607524,0.12671871558809827,1.6629175914029901,0
0.26630182009472125,0.8147540379576327,-0.21091930064847347,-0.1562157856753998,1.116515387550699,0
-1.1697051678585457,-0.14912744900836203,-0.01256968669017644,0.4037905661576253,0.8145562748954853,0
2.4791610816054455,-0.2520836130233004,0.6032378820641286,0.6931248018396904,-1.2560204975974076,0
0.11227769858727263,3.131806034850908,0.6739894153528094,0.733823246473127,-0.5802072454643106,0
0.09202036082172702,0.22861267662782356,-0.7528344828048024,-0.9420094020748052,0.15312202812692235,0
0.721789773773736,-0.8251394033863885,0.07748143719238125,-0.2585534885981267,0.2825330764077282,0
0.4717122850700176,-0.49871214998060687,0.45927105231736487,1.1820181389211053,1.4040954948413784,0
0.20899815171765457,1.0809002454037275,1.4751205762385846,0.889684056081521,0.5125971622402719,0
-0.8274086305826861,0.04256375757186238,0.7107823282528654,-1.3190292182255332,-1.701769663897961,0
0.4619640280751526,-1.5137227060560725,0.7967979732938593,0.36060035824684805,0.6420082105210776,0
1.9031803030388996,0.8509834950514049,0.07934424644949242,-1.908698703901956,1.2890634519251067,1
1.354912109061434,-0.7412370000856106,1.428971124831191,0.06395179776839216,1.0014833446344271,0
1.6080641944180731,1.8079658452524165,0.41092982669296496,1.866794351704066,0.44070213541760195,0
-0.5420798258530436,1.0122937311242655,-0.8819483811559962,-0.905081293740364,0.4838391515112039,0
-1.0308673335754177,-0.5197404696210461,1.4217590739379233,-0.7944563291678248,1.1740314090088348,0
-0.14827331154843934,1.2138757384671555,0.7040646073332661,0.7624533818594459,1.030241355363495,0
0.037183899009054215,-0.0029898291810886084,-0.45665858789980085,-1.4845649152574483,1.6197805753093881,0
1.0982228269155616,0.7843252963987076,-0.49373929935166755,-0.5981146981984627,1.2027894197379028,0
-1.7490046470473062,0.4151605257646621,0.2957807149336841,0.5992100835904045,0.39756511932399996,0
1.5430446755014775,-0.9199937900629965,0.46527778305938045,-0.5996058239781225,0.5269761676048058,0
-0.18119465178057503,-0.7165676416262609,0.1947765703380874,-0.211617752299346,-1.4285685619718154,0
-0.45591210518081393,0.962053527963069,0.31076921076827124,0.7431238403937062,-1.0690934278584658,0
-1.0538559434884727,-0.40685021454277714,1.7234871920299308,0.4288498205477942,0.36880710859493204,0
-1.710579234964384,-0.47593366850639046,1.0841807419120992,0.27813401190309933,0.038089985210650525,0
0.8213109261575106,-1.0290918607380652,0.18800451663952836,-0.31209544564846814,0.6276292051565436,0
0.05515936013440042,0.35384008553443774,0.9516908650211567,0.3786997875197395,-0.968440390306728,0
-1.3377520139946453,1.9977708447980762,-1.0563558538659168,-0.1022906059883915,-0.7815133205677862,0
-1.3429811294326681,-1.1418454711578494,0.39888893312490753,0.46416918670821466,1.2171684251024368,0
-0.3628356452513515,-0.0467591375880461,1.8347314997589854,-0.46581339930995724,-0.4939332132771067,0
1.6855474558753596,1.345480599818949,-0.2277605968397739,-0.15960135513837403,1.3609584787477766,0
-0.2849861431910432,-0.15093715283880146,-0.8682612033650464,-0.9460556788037175,-1.744906679991563,0
-1.5555678359165916,0.38270068154524606,-0.6693268047905159,-0.0158660563513251,0.1818800388559903,0
-0.270836846719738,-1.136690390537896,-1.1144548533959346,-0.7717388597770847,0.9008303070826892,0
-0.29840380614940776,0.358562494402958,-0.8042994297401377,-1.0669268862054893,-0.39328017572536883,0
-2.7752589817897526,-0.2587683158458739,-0.3828654089814514,0.27018826982633715,0.2537750656786602,0
-0.07522729212449657,0.917687635223548,-1.4358648807609207,0.2254575765799224,-0.23511111671549506,0
-0.2557064315330893,1.1199595026925475,0.00995370635268285,0.7808087371402174,0.15312202812692235,0
0.6915869868745043,2.5264190235818957,0.9119808967140394,-0.4017132157033357,-0.20635310598642712,0
1.8693931199963754,0.5103506857179626,-0.9294255466132558,0.4157064451331811,0.8001772695309514,0
1.1313000152247514,0.25573866924268296,1.539682150003406,0.5547499938838112,-1.1553674600456696,0
-0.29448557124112046,0.12392535192745908,0.5137102477804547,0.451475281527158,-0.292627138173631,0
-1.1503298426587174,-0.4252973370447741,1.0425081760842463,-0.7860117512679653,0.023710979846116545,0
2.6095426148911898,0.2684649409344597,-0.6751720589712027,0.16372454413369217,0.2537750656786602,0
0.040753356634840796,-0.36735605360122836,0.8634012712720031,0.3729324870990292,-0.278248132809097,0
-0.005520199486426408,0.09792286269899661,-1.1167955970301116,0.025226192935370765,0.34004909786586407,0
-0.04440173624484092,1.2505686228985349,0.8997427148963586,-2.014144275089099,1.030241355363495,0
0.1826381101584648,-1.0806688715731978,0.1688824720126768,0.17456220010629542,-0.6952392883805824,1
-0.16725052057510625,1.0723069352205417,0.5569053182322999,2.1733969711318504,1.2171684251024368,0
-0.6058835024632387,1.2500846812824224,-1.2019063831535768,-0.3324700860321495,1.4328535055704466,0
-0.5784978399279364,-0.18948163628906295,-0.9165193179816904,-0.6909651945251732,-0.20635310598642712,1
-0.0532174632966959,-2.1993871146957713,0.6016445644975745,0.3819019929966756,-0.0050470308829514135,0
-0.5749890240002075,-0.6807306917157188,-0.9707209438720273,0.3225125220259042,-1.5148425941590191,0
-0.7480926051675423,1.229902717023972,0.46529965249290206,1.1800430178733934,1.058999366092563,0
0.08899135547832594,-0.09399045109896814,-1.3967695791423813,-1.2070194906306948,-0.7383763044741843,0
-0.280271715492835,-1.0734064282635631,0.8569401755069359,0.7306504107653817,-0.8677873527549901,0
1.5169318252726691,-0.5773689436219092,-1.2598218307333815,0.5933470737271493,-1.1697464654102037,0
-2.7283440895705624,0.7721345333111791,0.555937547465798,-0.12022701655272586,1.4472325109349804,0
1.0954798059079982,0.47735061281851215,0.6305395807238189,0.348139470088781,1.5622645538512523,0
1.253418092786971,-0.3107142982404595,-0.7147842184502637,1.020998902440347,-0.048184046976553346,0
-2.138210126248768,-0.4389971648279198,0.5861794249462237,0.8679312819483432,0.5701131836984077,0
-0.3698885827691192,-0.46400704400158194,0.2590211393193692,-1.0951485211929777,1.0877573768216309,0
-0.39926684166096293,-0.9962795696970901,-0.5541168752627201,0.8171264537955077,1.5478855484867182,0
-1.4578579170002537,1.5492561232997744,-1.0319711788303498,-0.04477746352432249,-1.1122304439520678,0
-0.8144757309073187,-0.39435731733804347,-2.002578983908511,0.08921842563364105,-0.925303374213126,0
-1.1544678096326266,1.1498228902814416,0.3497751510248508,0.08953294644362275,0.8145562748954853,0
1.7706058894548828,1.454909249080693,-1.5978606469943917,-0.1281135384199228,0.0524689905751845,0
0.9362642280053353,0.9303069568972845,0.09106145063663505,1.1790419956063138,0.5701131836984077,0
1.2794416142733067,-0.5039909376285807,-0.2739498704676096,-0.0633134130387404,-1.1266094493166017,0
0.7176062137310659,0.33391043496052314,0.684978936803261,-1.0722839652465412,-1.543600604888087,0
-1.173345331870331,-0.09532204920777762,-0.31321615592431423,-0.3650923078448978,-0.6377232669224465,0
-0.5556736069771943,-0.9775141149765075,-0.3410934033082613,0.19229525963366367,-0.7527553098387183,0
0.48025944506734924,0.2542972460055254,0.7386207924723156,1.2155767698261135,0.8001772695309514,1
-1.2684444892628353,-1.253692864623626,0.3349302111208886,0.6056911135189553,-0.30700614353816497,0
0.7087440479872532,1.1202537353733188,0.31570051189146847,-0.8102482012535558,0.5413551729693398,0
-0.2653014213015531,-0.537088687471117,0.4714660099430372,2.4389861743725674,1.044620360728029,0
-0.40272025031300696,0.13072139660907353,-1.5681233475472949,0.27614390101062924,-1.7161486692624948,0
0.7066612775937112,0.2131004131143991,0.7639706684326221,1.2605554438192468,1.3178214626541747,0
0.43416764801031343,-0.33074816537660945,0.6171493033157257,-0.1295468306360258,-0.5226912240061746,0
-0.3885644612671553,0.5174328755273512,-1.040240512676895,0.5377638184441301,-0.6952392883805824,0
1.1647769708402624,-0.547406458989662,-0.2542464293208613,0.8359360812688924,-1.0259564117648639,0
-1.1243138016656273,0.8029054856499142,-0.04592393438596835,1.2048424327838894,-0.7958923259323203,0
0.6095714474583175,-1.4211425500422668,-0.14276333920466452,1.0481860365010136,-0.6664812776515144,0
0.5862407664209819,0.05571295899163847,0.3337113827324985,0.8678159714241922,-0.4220381864544368,0
-0.33602706511071156,1.8737974908730146,1.4502411509979958,-0.2886831066607063,0.7714192588018834,0
0.31346965473209354,-1.0744386631873095,1.0945815213476597,-0.5386875903920956,0.3256700925013301,0
-1.2980602973038613,-0.7508672039836576,-1.340899068430447,0.34221730363752384,-1.658632647804359,0
0.9243595974270012,0.44442465202126014,0.6269169159832697,0.9271671838168435,-1.5723586156171552,0
-0.2086734682780764,0.10907762877212576,1.3460322218786254,-0.19871200185141158,-0.033805041612019374,0
-0.553837295916435,0.2806482886402475,0.38757768774327567,1.0557873585327973,-0.8102713312968542,0
1.0520584427635886,0.419628441072974,1.103954918766382,1.4331862218497302,-1.701769663897961,0
-0.7394057098263405,0.5656072081510013,2.041213547875241,-0.8743281093539418,0.22501705494959223,0
-1.4588281593808363,1.0420360571250467,1.03551804166954,-0.7969866337238863,1.5622645538512523,0
-1.6102166437061631,0.3400175946456048,0.247694493110869,-0.11850147053485793,-0.4939332132771067,0
0.5994300457874127,-0.3130469554050562,1.057267528022456,0.31787054378159935,-1.5148425941590191,0
-1.3280132870970294,0.603575032873932,0.14146381810736705,-0.492731850269806,-1.01157740640033,0
1.7731844845111533,1.8346311858851332,0.018382013553794204,1.3353757554772687,0.16750103349145634,0
-2.146934910982227,-0.2040913345373327,-0.36344059448728294,0.43130523818330846,1.2746844465605727,0
1.7135786282129009,-1.048557849770579,1.5845764753611622,0.056658093819467466,-0.7671343152032523,0
0.19585192453516162,1.0394088861000585,-0.8385497293992356,-1.3804444879449875,1.4616115162995145,0
-0.11856754910016623,-0.19180133551721593,1.552992730982028,-1.2634646470849475,1.145273398279767,0
-0.5765158204253565,-2.2503569380391446,0.5025928699001437,0.29195691633639814,0.21063804958505827,0
0.38805955692542826,0.7789569546462177,-1.4294955179252182,-2.0590664666600538,1.3897164894768446,0
-0.058204999310540316,-0.6080155110469521,0.36808637546706896,1.004614952086969,1.1884104143733687,0
1.1075312151792644,-0.1618623052474253,-2.1423613516269824,-0.13581927626280463,1.2746844465605727,0
0.09695826277929225,0.26194156779728606,0.6304145334065536,3.177237831404432,-1.4573265727008833,0
0.13381648984451677,0.12002886738053815,0.8946397550176418,2.2663089734885467,-1.4141895566072813,0
-0.39126802266545796,0.6405657661620647,-0.6085585281411535,-0.15851048762404696,1.5478855484867182,0
-0.07793566672638949,-0.5078688015389473,0.11975379494779596,-0.08534597469196682,-1.701769663897961,0
0.2947399495244984,0.44362015125618026,1.9820932701111804,0.9880012926334849,0.42632313005306793,0
-1.7670932225872968,-0.3313918288736811,-0.5204480890628217,1.6772455133174613,0.9295883178117572,0
-1.3972421164397917,0.6700140845710445,-1.0831968425933018,-1.57732333676429,1.5047485323931162,0
0.7396675724732311,0.5461941209493333,1.501409556876816,-1.7218233239847456,-1.7161486692624948,0
0.15482714277613394,-1.0093478733631476,1.9906691388472868,-0.5876724347118425,-0.7815133205677862,0
-0.20773469696180327,1.0182459028208486,-0.002175609810510191,0.585861843719977,-0.30700614353816497,0
-0.0009176445361169543,-0.6086527101436183,1.02305926368088,0.5022241876617651,0.6563872158856116,0
0.33538455079776314,0.7394728674722851,1.358792217174798,1.0602675892979567,0.7714192588018834,0
-0.5712442680149417,0.2973563700994006,-0.761288960308793,-1.1503571483833412,-0.982819395671262,0
-0.8149743768080552,1.7727445153821073,-0.4996529210583496,-2.237855547205279,-1.2560204975974076,0
0.18034992613679068,-0.2952009514507378,1.2462737740566783,0.8540009075012487,1.4472325109349804,0
-1.0193911489645546,-0.4214360848676799,1.7082850892871508,-0.788488415524475,-0.954061384942194,0
0.39737435946188837,-0.090531463888751,0.5667018678116007,-1.9479173640406622,-0.20635310598642712,0
-1.7593435696621695,-0.3751581796719691,-0.900999407663732,0.1595362941394742,1.3609584787477766,0
1.0317733126075639,0.7313321870375251,2.0155672635340456,0.7908435747662959,-1.1841254707747377,0
0.46311769624927784,-1.6922990072071242,-0.5461094905114817,-0.10065850269128888,1.1884104143733687,0
0.24184258745492485,-1.1279526797980364,-0.3468820221253163,-0.4277431460025548,-0.7815133205677862,0
0.9842986940550775,-1.1421163030235142,0.34233619651377223,-0.13699633218408036,-1.0978514385875338,0
1.6819232749770223,0.8821570595784372,1.5751631571855944,-0.3427402012183786,-0.6377232669224465,0
1.0166663580880575,1.6447846405667217,0.8628425006648175,-1.2948602289195374,0.26815407104319416,0
-1.9006401100011536,-0.17582073757487604,0.4161209756541583,-0.6779161246424856,0.46946014614666987,0
-1.32714237370591,-0.24038982116916674,0.4653833159335313,0.5259976796102893,-1.673011653168893,0
-0.6581520229243464,-0.0007864685195070047,0.038333564844715555,0.33157170799802016,-1.5148425941590191,1
0.006905909267593984,1.0943738588906156,0.5618783409844588,0.1819360975713009,0.5988711944274757,0
0.5091587010771642,-1.0012376140297425,-2.579339975133055,-0.9511117805876167,1.5766435592157861,0
-0.761270989862052,0.16804435226548264,-0.3076838586067969,-0.1585631779571406,-0.33576415426723294,0
0.17107410359445727,0.9071231058837661,0.2395694005607071,-2.1023828553308377,-0.5945862508288445,0
-0.7915543509953707,0.43157184224793893,-1.1768998099306998,0.19208286052450865,1.5910225645803202,0
-0.6445621398718122,0.11910800064471788,0.38708407490278834,1.410043223726413,-1.7305276746270288,0
-1.4569888303620626,0.9330505039761569,-0.21395063424244287,-1.417676035847667,-0.6521022722869805,0
-0.9630530933698178,-2.7825399025985713,1.7799678081654053,-0.5525015113308042,0.8289352802600194,1
-1.4008173589161126,0.6088928411348317,1.5943493477315598,0.3388073412353848,-0.8102713312968542,0
-1.0168372941501476,-0.7271256359829461,-0.47981465905020926,1.2385919819218871,-1.01157740640033,0
1.0567917080366356,-1.9072757869953105,-0.15938750168548754,-0.418368907390905,-0.43641719181897076,0
-0.9897874778319209,0.44171114067067635,-0.08116462811893238,-0.6560673653430853,0.6995242319792135,0
2.669847796381502,1.306800829985619,-0.4654233735718747,-1.899637787931572,1.3753374841123105,0
0.484288497954421,-0.20892080598612467,0.19246999021696565,0.11898997314294309,-1.4429475673363492,0
0.1691014980108699,0.8847318537034057,-0.7773606186463796,2.007361638295906,-0.16321608989282518,0
-0.8967674810952756,1.5461492329699567,-1.1561474922028616,0.2884007879975223,-0.2207321113509611,0
0.6957796962993691,1.24787734735428,0.6275692640018908,-0.00346746162298599,0.8720722963536213,0
-0.6079022686328782,1.5739200519085395,0.6345058061389341,0.3319650081970864,-0.7958923259323203,0
0.10490958350792211,0.6733412241477162,-0.8241922058180877,0.007429450551627346,1.5047485323931162,0
2.5959787960458462,0.004611441068091294,0.9049391799546002,-0.7737001608666834,0.9439673231762912,0
-0.11790013860213422,-1.6779104049320477,-0.6484601279150565,0.8201672405303911,0.9152093124472233,0
1.1545019041270599,-0.3178664617817127,0.251617982223727,0.23814168762921792,0.2537750656786602,0
-0.738213072490544,-0.916874232975684,0.8286275979582713,0.03539041817020596,1.3465794733832426,0
-0.05550126878108185,2.1065197262716233,-0.040130505517776735,-0.9318422581677503,-0.7671343152032523,0
1.7895388576999525,-0.24747548252827953,0.45668754312708454,1.287943597138183,-0.5514492347352425,0
-0.6603472028174234,0.05252849119806753,-0.5313161947900272,0.6657017606462224,-0.278248132809097,0
1.8320920477869713,0.48211693159454866,-0.20580725326893057,-0.520350497767719,-1.1985044761392716,0
0.7033835143922761,-0.027316956660301255,-0.21536290581100204,0.9940827510025623,-1.5723586156171552,0
-0.5944449296557172,1.6291747846039117,-0.7654540370938967,-0.4664356490175571,-1.1697464654102037,0
0.6264016211891029,-0.6956033457748242,-0.18577350661503422,-0.7434933510739199,-0.93968237957766,0
0.97394182996118,0.12414918704772357,-1.5813956509900509,-0.7217711944530372,0.8433142856245534,1
0.6155734889143092,-0.8157904764175605,-0.5056021939806882,-1.7069132991453149,1.648538586038456,0
-1.6241077056384388,-1.3951061137444973,-0.2957485441629169,0.47754978141525595,-1.586737620981689,0
-0.7626946389483772,-0.6846898490810165,-0.2665554234797335,-1.76543192694838,-1.5723586156171552,0
-0.2726510123684032,-0.10820245393162264,-0.25161863020866315,-1.1783580987267321,-0.033805041612019374,0
-0.09580359060596658,-0.5016657705153379,-0.06877008956442987,-2.0035369795995344,1.145273398279767,0
0.6144108913895622,-0.7655880305166683,0.4818162816899606,-0.06560416874214216,-0.36452216499630086,0
0.16181128476720777,-1.4816645912910353,0.8837396346072262,-0.1281890011635369,-0.93968237957766,0
-1.3841219370740494,-0.15441191304132607,-0.6669628672974987,-0.2999915705665994,-1.1841254707747377,0
0.3687096476288589,-1.5803680016864876,-1.22999112870901,-0.9973112183907793,-0.06256305234108733,0
0.6041053001148908,0.6913244462301789,-1.0660413804085598,-1.1236054718048716,-0.6089652561933785,0
0.5522059058300594,0.011638950174726933,-0.5015828888447988,0.47056323815593054,0.08122700130425246,0
1.084520534272163,-1.5330550841397106,-0.36395646578286805,-0.5180430146123949,0.7282822427082815,0
0.8322961950732536,-0.3812058859764468,-0.7892776532560657,0.32638943422592565,-1.2560204975974076,0
0.44940864965545463,-0.8255058745941148,-1.3245174360565106,-0.8440615371661504,-1.7161486692624948,0
-0.0914431089844311,0.24909664159451897,-0.469962052949652,0.19460188590015928,-0.033805041612019374,0
-1.7168161800894888,1.27349132088791,0.17863592750435442,1.287719663374437,-1.6873906585334268,1
0.41920422694577875,-1.9519513734775935,0.5994077013697993,0.5892011719266599,1.3753374841123105,0
0.19244976771832167,0.0443247875928779,-0.5730201378190313,-0.383486634621069,-1.601116626346223,0
0.2577296688045513,-0.2316743595433478,-0.42609160177861866,0.2687640046017826,0.0524689905751845,0
-1.324252504309333,0.6023376409131328,-0.9486959969413876,-0.21619119979394233,-0.7383763044741843,0
-1.12430686694621,0.14279512714113152,-0.03791944000757622,0.02590971613384627,-0.0769420577056213,0
1.0562921369910512,-0.8253182294614497,-0.8690696834724192,-0.29893454627930427,0.8864513017181552,0
-0.06016719406595519,-0.39108080854518396,0.5771264300776806,-0.1418403634746606,0.22501705494959223,0
0.6765616740501691,-0.8695092931015954,-1.8227560383211026,0.22482791466047866,-0.23511111671549506,0
0.009181648797216444,1.0082404639388223,-0.371798428398225,-0.9493684049374924,-0.09132106307015528,0
0.010650663679906872,-0.04967582537105249,0.300391058023315,-0.9713046160552371,0.5701131836984077,0
0.9389262726179203,1.8359439333694318,0.18108555948689253,-1.3343056790510341,-0.7958923259323203,0
-0.5470138428926905,-0.13189861305489395,2.733776352751892,-1.5405443962241183,1.116515387550699,0
0.07845781640551011,-0.7816226344995172,0.349927727830931,-1.167486352844665,-1.3135365190555435,0
-0.4920756598883823,-1.5893894859489601,-1.0273930921279248,0.17356171468890327,-0.6808602830160484,0
-0.46369278728025937,-1.8796986083720275,-0.10305425563957482,-0.851404894936441,1.648538586038456,0
-0.3356446130599014,-1.6600260876888968,-1.812969134809252,0.5185309932868204,-0.7383763044741843,0
0.2072098552241432,0.19688983989963144,-0.08793211330329978,0.05204752235266692,1.648538586038456,0
-0.5089070605682068,0.43922599842289983,-0.8534306552595935,-1.899229721212459,-0.8102713312968542,0
1.263299235234529,-1.6570718526216,0.9253212862959673,0.6562268115995146,-0.7527553098387183,0
-0.9338049301298812,0.8267190019167195,-0.5650007280588617,0.8080095928109385,-1.1697464654102037,0
-0.21068578561747234,-0.5555887648738778,-0.1247251435952733,-0.9498593127971809,0.9871043392698932,0
-0.4690414034718149,0.07618872939584889,-0.6525092269585994,0.4275304013037254,0.5413551729693398,0
1.4586774291222087,1.54609142724868,1.7630553139149554,-0.8160565485035269,-1.4717055780654171,0
0.18107486985267882,0.8285255035546643,-0.33274616645496946,0.11337177056648098,0.9008303070826892,0
1.034520661275375,-0.340403234191137,1.858385194970093,-1.2134778282801773,1.4903695270285824,0
-1.5376030772926312,-0.9649662780896562,0.8223280179345563,-1.7283797858170293,0.8001772695309514,1
0.2531026635294867,-2.229439109554699,0.48448699337396306,-0.35465740636418613,1.2315474304669707,0
0.8892157305200105,-0.7924020043503339,0.36918901610922483,-0.10228696897647599,0.44070213541760195,0
0.06432026950418727,-0.28282753736036437,0.39468760090665406,-0.3691345458408469,0.2537750656786602,0
1.068887612247438,-1.0612467031442316,-1.9670200335094197,-1.135096401479031,1.102136382186165,0
-0.5482845985679441,-0.20271035087724265,-0.2896525846123437,-0.3712963691487114,-1.1985044761392716,0
1.420229041952948,0.006034016119070399,0.853871653875468,0.28054615963626184,0.3256700925013301,0
2.3291151802745804,-0.2965951956280823,-0.0556800507382762,-0.025495160962050976,-1.1122304439520678,0
-0.39047755463866324,-0.7230400953539233,-1.4354811709026556,0.19600288088008636,0.23939606031412622,0
-0.47493831629680655,0.09811714989856775,-0.05924810887851389,-0.6345061703314602,-0.7527553098387183,0
1.465223276891741,0.372237680522959,1.7277072329474918,1.1595707159133701,0.038089985210650525,0
1.5941537863785915,-1.164781462391556,1.262568600669949,-1.1274429068881486,0.411944124688534,0
-0.5539772805547686,1.3441884903552244,-0.06901405565951946,0.4931523752789877,-0.4507961971835047,0
-0.44907234468541735,-0.16994175290152566,0.9620052941093744,1.1694801174745233,1.6629175914029901,0
-0.30766179785443964,-0.052145369562962535,-0.3787949805541555,0.4866726535567715,-0.7527553098387183,0
-1.3934260225803767,0.6393245935609849,-1.739339925432,-0.17903919524830178,0.6276292051565436,0
-0.9583722136810665,0.1628757651614736,-0.9464249836783895,-0.4963651684832744,0.10998501203332041,0
-1.0457192363633663,0.8849947407666994,1.5840427923765605,1.0274571606073803,1.3178214626541747,0
-0.8042388307329597,0.21694842193558786,-0.28467750909838385,-1.3678452658969757,-0.5514492347352425,0
-0.055191066491841405,-0.6853601736022319,-0.2535378627701568,-0.926736403159273,-0.4795542079125727,0
0.21955341035445164,0.29155491953467083,-0.3109705937894428,-0.3690157791484445,-0.6233442615579124,0
1.5644502260912472,-1.2182714411567261,1.931205420686449,1.2237969319373676,-0.1344580791637572,0
-1.039806728894512,0.037838667393095396,1.6482061264642534,0.38815463140291206,-0.4220381864544368,0
0.9859655693447921,-0.10438402240951,2.2513027448183562,-0.9247117940178744,-0.7239972991096504,0
-0.23839241066693656,-0.27980495362546076,-0.16773726010430312,-0.28402799449422333,0.6132501997920097,0
-0.07029112424921492,-0.19998259062679488,0.29481317399447504,-0.5801607261522862,-1.0547144224939318,0
0.6697352448065779,-1.9586483380687782,-1.5488656697460501,-0.6731512746216775,-1.01157740640033,1
-1.1668779974873433,-0.6214531433656928,1.4965986137569802,0.971742136902222,-1.2847785083264756,0
0.3709696210111689,0.022075873329890135,-1.1939558714038867,-1.31794184072557,-1.4429475673363492,0
0.1503179859966849,0.08929200198967573,0.21459757012159972,1.5853012090055318,-0.12007907379922324,0
0.48340302368603283,-1.1018659812838727,-1.1222572780347906,0.824988674112968,1.6772965967675242,0
0.27570181113938236,1.1985204688668578,-0.6050089225779788,1.080810964296396,0.15312202812692235,1
2.4889167826569536,-0.9398725035269552,-0.8577099378816159,-0.43270226587299454,1.5622645538512523,0
-0.6713542918054054,0.9013651466668804,-0.6243468274034945,-0.12781910614369127,-1.5004635887944853,0
-0.5622910743248324,0.3574463610271907,-0.5544025901053129,-1.3777582822556822,0.6276292051565436,0
-0.6564374971891288,-0.7192532955580571,-0.5637072099849262,-0.4928247701509717,-0.06256305234108733,0
-0.5873033443188861,1.7096797320588797,0.8418426494786593,0.4990889024243005,-0.0769420577056213,0
-0.670993765090163,-1.268334481251794,-1.1299485846315533,1.2806917623474907,-1.2272624868683395,0
1.195108975346021,0.8509085057832555,0.21842870662549244,-1.0602158916733322,1.4328535055704466,0
1.4316283564047152,0.9325853131903984,1.2331345528186373,-0.33779501098455156,1.4472325109349804,0
-0.6029044127978336,-0.743720685139595,-0.5280268733751811,-0.12914238320891422,-0.8390293420259222,0
-0.8702000847476841,1.3256650164254349,-0.7362978304173028,-1.341364431671248,0.22501705494959223,0
0.4619100796377163,-0.321862654558538,-0.24045561894309558,0.594250213703931,-0.6233442615579124,0
-0.583978538205046,0.218522678798833,1.1942379045437002,-0.686984392702296,0.6851452266146796,0
0.6269370913705102,0.19006424731539806,0.19153673677220706,-0.17209029106461987,0.009331974481582565,0
0.1875815356488231,-0.20577144467812564,-0.5463571060743604,-0.4219970851529792,0.7714192588018834,0
-1.56844289921763,0.7422317416736735,0.4863282884180378,-0.7506381773611266,-1.1266094493166017,0
1.561389828341292,0.724859299104097,-1.127333384757062,0.011371535332233468,-0.5802072454643106,0
1.8151609747552828,-1.8249241458887455,0.6872340942079738,-0.19178526137497934,-0.5083122186416407,0
-0.645860651633711,1.2372708454215358,0.40975431049689753,-0.34398225897119894,1.4759905216640483,0
-0.41588098135750623,-1.7386214142026044,-0.3190790164645137,-0.6913397481701258,-1.5292215995235532,0
0.272326757772274,0.9646468099048454,-0.85905624304633,0.3294736843410377,-0.982819395671262,0
0.321974349588554,1.0590932822869776,-0.9079849938520461,1.628975074530346,-0.292627138173631,0
0.6531062638260613,-1.1653505477298238,0.5381519223159206,0.15449400096758115,0.5844921890629418,1
2.0341464928442585,-0.4831213760126697,1.2443469347330176,0.9885240776175913,-0.3501431596317669,0
-0.20054564980753495,-1.1801337932175262,-0.6542894634857154,-1.3359415065578033,0.4838391515112039,0
-0.8354014574133183,-0.2866299050335947,0.46039652659938085,0.17190475354669085,-1.7305276746270288,0
-1.4290526530969174,-0.38002750556295045,-2.1291365440046306,-1.0506811962844287,-0.4076591810899028,0
-0.7665699455325962,0.710988882689297,-0.6006861774275751,-1.4203964179468822,0.26815407104319416,0
-0.05359928883158423,1.2432575751101027,-0.03753261189299756,-0.7019666580341206,0.6707662212501456,0
1.813812477527687,1.3288933557484897,-0.9313861880113365,1.179228858832244,1.2315474304669707,0
-0.5486144650139689,-0.6349373144207225,-0.9586740649054138,0.9436170635806945,-0.9109243688485921,0
0.20889999082295502,-0.2809133445656664,-0.6852894371165247,0.2549377938633378,-0.7671343152032523,0
-0.03653212881399353,-1.7596315833163199,0.29132193128508543,-1.4747258639781384,-0.048184046976553346,0
1.1944721704310852,-0.8793835647646232,-0.19651130793689786,-0.17295750700131995,-0.43641719181897076,0
2.562106082581384,0.8967455148854937,-2.282961563109342,0.31211119171191215,0.8433142856245534,0
-0.5621601060514825,1.5494638899187971,-2.1633933304006567,0.18921866768212497,1.5622645538512523,0
-0.5198302592831654,-1.3091708466567524,-0.6233192369414188,-1.7777526683608282,-1.1122304439520678,0
1.0471047092991546,-0.6653260647771241,0.45968427404946216,-0.8489992625847619,0.36880710859493204,0
0.6769609606438958,-0.09753894907136919,-2.801062350439149,-0.04418246091427299,-1.4141895566072813,0
1.867095471081357,0.2099641521205789,-0.5143272771978349,0.5406194691725486,0.9583463285408251,0
0.5768683060026928,-0.8831284193049865,-0.5413045853129269,-2.120951358154622,-0.4507961971835047,0
-0.38685399819914845,0.35430347518311983,1.4064663308552248,-0.13968646726764136,-0.4076591810899028,0
0.5837411631031726,-0.546338899279505,-0.39763068653996225,0.15757356364969313,-0.925303374213126,0
1.1130503261661933,-0.08554895977155734,0.3836919482399753,0.8458165585154851,1.648538586038456,1
0.8185640877227645,0.4768999204994726,0.1377701947347518,0.6931265828508809,0.46946014614666987,0
0.49854798147078233,-0.06461067299788054,-2.1734306694293877,0.5856998903638875,0.4550811407821359,0
1.0701078866350375,-0.5087710684243898,0.77558712119319,-0.7609652828700623,0.08122700130425246,0
1.1749593763000736,-0.1809970822135192,0.21319460876428425,-1.8402963814912519,-1.658632647804359,0
1.392449619134978,-0.15968535447704632,0.5111430602934222,-0.3646275794627045,0.6851452266146796,0
0.6430581165450866,-0.44219351409987334,3.9883553718514366,0.9938947274951005,-1.083472433223,0
-0.19050285428476182,-0.3306389217501631,-2.1261719555201952,1.3755579997758045,-0.9971984010357959,0
0.13015042368610408,1.532476519254968,1.7486552700818667,0.710359383897417,0.9295883178117572,0
1.2129816298865304,0.4915798129984072,-0.29836515080997805,0.4364424528198326,-1.2128834815038056,0
-0.854445012496717,-0.3674352024580772,0.28637380328941614,0.38802996229389014,1.073378371457097,0
0.3569346057000391,0.6280301892870451,-0.052236441841109975,-0.5234654897177984,1.3322004680187085,0
-0.4216407662153732,-0.4058914532677773,-0.43752490879070843,-0.10845415302702696,1.4040954948413784,0
0.009617364936178069,1.1056545376101026,-0.5856451118154548,1.6440266758372077,1.4903695270285824,0
1.286488291432403,0.29971844015869975,0.3292847323759449,-0.8998849040799558,-0.9971984010357959,0
0.17550057496971705,-0.17868237522507266,-1.5494060233080513,1.591143625680568,0.29691208177226214,0
0.027693641101357545,0.37803159619354315,0.757653527238223,-0.29544454828857175,1.4616115162995145,0
-1.409166512437207,-1.646725804375791,-0.4293435905028185,1.3092993101880197,0.4550811407821359,0
0.742722024250268,-1.201260914628121,-1.155592032624787,-1.3521043547811413,-1.0690934278584658,0
0.6397622954839844,-1.2686235359139502,-0.4637482147744165,0.5889463556108978,-0.39328017572536883,0
2.1905234073762476,0.07232705540520754,1.273003894028771,-0.6994328339568814,0.35442810323039803,0
-0.33422042669949037,1.6667531500413044,-0.5505493236798356,-1.360337383607194,0.21063804958505827,0
0.204161562508401,2.1670614727823225,0.3587313131655087,0.2311016056780898,-0.8390293420259222,0
0.23505207694187155,0.5689470089690861,-0.7495611908033446,1.0015314112893623,-0.4220381864544368,0
1.5919888643089923,0.43132138474099063,0.7651234794668363,-0.8047994017710363,0.8576932909890873,1
-0.11711915682025881,-1.8776103084926787,0.6914542232958868,-1.4419146604197028,0.038089985210650525,0
0.2653341331747237,-0.61538355665551,1.8747152085204566,-0.07122950053158238,0.8145562748954853,0
0.6013576107754196,-0.8612420186985618,-0.18454231244276703,-0.06693439564372357,-1.1985044761392716,0
0.17091303574986683,-0.6937960801169,0.6743091793945707,0.5523362989027456,-1.701769663897961,0
-0.4758896478769512,-0.2397098463979496,0.09383199405908867,0.9432067289048124,0.0524689905751845,0
0.17855651120064914,-0.5445847895630522,1.3123976325690088,-0.03964077247380919,-1.7161486692624948,0
1.0772161669851004,-2.0563966953481536,-0.7372271608091345,1.8256264900915355,-0.8390293420259222,1
-1.0685801064227245,0.6791416484383871,0.7519830616447465,0.23665449634577146,-1.3422945297846114,0
0.11610766874845384,-1.1470714931350936,-0.204007299114352,-0.3192102837152599,-0.09132106307015528,0
-0.7350910449382694,0.1689249144912454,-0.07123608131752288,-1.551547754297382,-1.601116626346223,0
1.2012701445980232,2.0093638900378914,0.08740748088176396,-0.23761526209233777,-0.36452216499630086,0
-1.5760474669993412,-0.9932447373146137,0.25067711044453483,-0.30943103527816873,-0.292627138173631,0
-0.5908229477422596,-2.6090669984769947,-0.12417896537281686,0.9536392522489602,0.9152093124472233,0
0.36565876790600493,-0.35793016847350806,0.21249944253591832,0.46872590630180416,1.1596524036443008,0
1.5798003171599755,1.033269159569526,1.5995360488573656,-1.1305558296032034,0.46946014614666987,0
-0.08693168346960072,1.8932752455668351,0.9965950276393135,0.18602191824662828,1.4759905216640483,0
-0.5870197180454094,-1.304356913331,0.8782842057254281,0.6723531352281442,-1.4573265727008833,0
1.9022940214337034,0.42716347438015906,-0.46937067587154435,1.5066454373300193,-1.1985044761392716,0
-1.4992404868934734,-0.537783963703691,-0.9105892703373093,0.8827260499101034,1.4472325109349804,0
-2.2663519121937785,-0.17732445136012384,0.9659233290803275,0.7593527887608731,-0.292627138173631,0
0.42982643245986946,2.581366013300655,0.8852958674286221,0.07676190037057071,-1.0978514385875338,0
-0.5327192385855658,-1.5786126118105674,1.4922609603198151,0.3964774569024198,-0.8102713312968542,0
-1.0631828030312862,0.18346196957113817,-0.620384687464177,1.2353407910987086,-0.4507961971835047,0
0.7040011660288079,0.39806884504598894,-0.239462732756242,-1.2799864373976393,0.5988711944274757,1
0.22934775443026442,1.0180495136833756,-1.6738364816860751,-0.3221449865669086,1.1596524036443008,0
-0.5960918201034159,0.027229816709915363,-0.4052090986067109,-0.7343032373992854,-0.16321608989282518,0
-1.327885617249846,0.23793870061036346,1.0079086085187716,0.38755604768675017,-0.5802072454643106,0
0.8716689771916976,-0.46389712774226943,-0.48051642555552343,1.2165580408914762,0.009331974481582565,0
0.6445818219053934,0.1988962385632219,0.645645815801589,-0.5632617010651185,1.015862349998961,0
-0.12108383188638827,-0.41529286135829474,-0.19974041160498962,-2.310093170636436,0.9871043392698932,0
1.8670236126925666,0.5524174736321521,0.32373853123977436,-0.3832985675544676,-0.33576415426723294,0
-1.113096608147301,-0.4417915966337711,-1.173519524276682,0.9080224538200596,-1.2560204975974076,0
-1.578436558169521,0.3071994175091255,0.08075103643553332,0.5419237443257299,0.5269761676048058,0
-0.7266997859805322,-0.100404730596749,-3.0489163075181684,0.43531781438868977,0.4838391515112039,0
-0.06632914462074703,1.0584363963589851,-0.1960709449782004,-0.2544996022580357,-0.278248132809097,0
0.22887646384371782,-0.12260322324965194,-1.6646693777089498,-1.227633354002117,0.09560600666878644,0
-0.26623187528446424,-1.8494994597789522,1.220962535474132,0.5201672942615457,-1.3998105512427472,0
0.33995548301274553,1.1947225660972454,0.7849467221737801,-0.7944161628902121,-1.1409884546811357,0
-1.2984954014236465,-0.9795507556098719,0.46882439541063897,2.145699928017057,1.5478855484867182,0
1.4553943043268969,-0.7268153468369092,1.5414343059997582,0.5739485858939696,-0.5514492347352425,0
-0.10368909446947655,-0.6685328626828091,-0.9712993145022013,-0.5473590274742349,1.044620360728029,0
1.1218293400898276,1.3075827585552406,1.7717146947763802,-0.5772990051125325,0.9871043392698932,0
0.3304226330055333,-2.2132486307007335,0.9424137897029118,-0.07230043576648963,-1.0259564117648639,0
0.44692903885578555,3.076277946806545,-0.24659080971814434,-0.21505810884172188,0.10998501203332041,0
0.5623995965907531,0.9882292106518188,1.149368375670332,1.1061096478478705,1.2603054411960386,0
0.4376877831655863,0.1528680798824334,-1.1314041024662531,0.1998165057890556,0.0524689905751845,0
0.6369408513950511,-0.1261141893248563,-0.8447407041445046,-0.694427668567978,1.6341595806739222,0
1.3382909989963638,0.21537353689375435,-0.6250736736606594,1.8596579819327375,1.0014833446344271,0
0.18104053255811564,0.4516612624189765,-0.5440817530464952,0.06626368742874364,1.145273398279767,0
0.7046625463862427,0.5761333721794069,-1.0808061669964386,0.7671385622322677,-0.7671343152032523,0
-0.11143846894684531,0.48624860031845346,1.2383472798042652,-0.5742221670014804,-1.629874637075291,0
1.4516676353208495,0.01880168526127071,-0.269276430702581,0.37193438704526116,-1.7305276746270288,0
-0.7108467642680781,-0.26899360177300424,0.3526795560837233,0.3212771859055904,0.5701131836984077,0
1.8203337797493646,-0.2227877927022812,-0.5861725360166148,-1.8224194007871635,0.9439673231762912,0
-0.060783093367432296,-0.26655604072541184,-1.8580949358415186,1.9812556202868414,1.5478855484867182,0
-1.4816269825633182,1.0661798171024295,0.26880289165795684,1.275413658442975,0.9583463285408251,0
0.11113665724641862,0.5243167541272115,-1.951335198117851,-0.36866272762153934,0.5269761676048058,0
-0.7156073963822788,-3.020420465620633,-0.07575901000421933,-1.0554555305730102,-1.615495631710757,0
0.839163687112019,0.5868511928931595,-1.3979672163414,0.3567836675419653,-0.12007907379922324,0
-0.686561808405324,0.12427831967029429,2.015785875685027,0.10268359983977474,-0.6664812776515144,0
-0.4756340285487081,-0.08981844367492939,0.9212239238143993,0.3646807901322714,0.5988711944274757,0
-1.9503644345657307,-0.46075745475438434,0.10165147066407432,0.20484390865331523,-0.5370702293707086,0
-0.4818900028813171,1.0564929487958443,1.2796750144963511,0.5113487025431069,-1.0547144224939318,0
-2.4963175228285612,0.879367436791708,-0.8669204083236229,1.4280128839608555,1.6772965967675242,0
-1.638083119280151,-0.8462904148341345,0.5469641027729604,0.5716069152037939,-0.7527553098387183,0
0.7571909227072515,0.3372427769794436,0.1973383855287519,-1.0042055047876421,1.691675602132058,0
0.7831282096681935,-1.0456765074674501,0.2626609712065262,1.3454673040981793,0.7857982641664174,0
0.41495313270234324,-1.4548837588411783,1.2884717112771047,1.6163095119914883,0.1243640173978544,0
-1.007746794909669,-0.6996836309553398,0.7392529615887847,3.088562042144655,1.145273398279767,0
-0.06850068122584103,0.7939744703251955,0.2877927368906124,-1.0761295062967458,0.15312202812692235,0
-0.02343310594048056,0.8849831168408024,-1.6895067384706501,0.2548182666342887,1.6629175914029901,0
-1.2032954014028647,0.44359971094740436,-0.9826219999924941,-2.0098788602622104,1.3753374841123105,0
1.5163242122233562,0.6562575089851195,-0.13077117100511415,0.5570406046101961,0.9583463285408251,0
0.8766805547469791,0.44670202287526756,0.08905544806468205,-0.5157523557316533,1.3034424572896406,0
-0.24551935745649295,-0.7144930886075652,-1.1557287475483,1.8918073139746672,1.648538586038456,0
0.0077179737422308076,0.3621889826209091,2.4475426376698883,-0.7362964029258855,-0.46517520254803874,0
0.19315999778974074,0.7318012383379746,1.5367421918756567,-1.62715096411805,1.5478855484867182,0
-2.1058666948240563,0.6855422084776027,0.6066194261861141,-0.4408106586164435,1.6341595806739222,0
-0.2723023417920875,1.1214914866889851,0.06735012920331852,-1.9060322048316392,-1.3854315458782134,0
-0.7165602578828084,0.6394142905858099,-0.22182250062436373,0.7498583205974806,-0.7239972991096504,0
-1.043143687821586,0.28146889522428503,-0.9743532859489451,-1.9933043961830665,-1.6873906585334268,0
-0.30696260744844456,1.0023656780194945,0.07288814069146528,0.04595356870383003,-1.543600604888087,0
1.8170091461230065,-0.09765480407911002,0.256284795481536,-2.0057031299867365,0.009331974481582565,0
0.6350200909355186,-0.955620250156441,-1.2692191997701778,-0.29375906395529683,0.3112910871367961,0
-0.6033465140002982,-0.23461748820122494,0.3340333184101937,1.6190014481157453,-1.744906679991563,0
0.5652762960207333,-0.818229962479571,-0.16388547344794774,0.3695306357844263,0.3112910871367961,0
